post_id,date,post_type,topic,caption_length,hashtags_count,video_duration,posting_hour,likes,comments,shares,saves,reach,impressions,followers,engagement_rate,save_rate,share_rate,reach_ratio,day_of_week,month,is_prime_time,performance_level
1000,2025-10-01,Reel,Career Advice,85,6,21,18,2648,59,594,190,34990,47960,10050,9.97713632466419,0.5430122892254929,1.6976278936839098,3.481592039800995,Wednesday,2025-10,1,High
1001,2025-10-02,Reel,Machine Learning Basics,233,6,56,9,871,29,211,276,15345,21184,10073,9.038774845226458,1.7986314760508308,1.3750407298794396,1.523379330884543,Thursday,2025-10,0,Medium
1002,2025-10-03,Image,Career Advice,89,7,0,18,996,22,151,146,14122,16750,10131,9.311712222064864,1.0338478968984564,1.069253646792239,1.393939393939394,Friday,2025-10,1,Medium
1003,2025-10-04,Carousel,Excel Tricks,187,10,0,9,1141,25,139,385,14848,17074,10163,11.382004310344827,2.592941810344828,0.9361530172413793,1.4609859293515695,Saturday,2025-10,0,Medium
1004,2025-10-05,Carousel,Career Advice,108,13,0,12,952,43,215,231,12001,16912,10196,12.007332722273144,1.924839596700275,1.7915173735522039,1.1770302079246764,Sunday,2025-10,0,Low
1005,2025-10-06,Carousel,SQL Tutorial,103,8,0,15,792,32,70,304,11645,15931,10235,10.287677114641477,2.6105624731644483,0.6011163589523401,1.137762579384465,Monday,2025-10,0,Low
1006,2025-10-07,Carousel,Python Interview Tips,286,7,0,19,1464,59,414,704,23512,31882,10279,11.232562095951003,2.994215719632528,1.7608029942157197,2.287382041054577,Tuesday,2025-10,1,High
1007,2025-10-08,Image,Excel Tricks,66,7,0,18,1150,53,143,219,14798,17526,10303,10.575753480200028,1.479929720232464,0.9663468036221111,1.4362806949432205,Wednesday,2025-10,1,Medium
1008,2025-10-09,Image,Career Advice,85,7,0,19,680,18,150,201,10899,13064,10338,9.624736214331591,1.844205890448665,1.3762730525736306,1.0542658154381892,Thursday,2025-10,1,Low
1009,2025-10-10,Reel,Python Interview Tips,243,4,18,19,1353,33,669,409,29355,42401,10373,8.393800034065748,1.3932890478623745,2.2789984670413896,2.829943121565603,Friday,2025-10,1,High
1010,2025-10-11,Reel,Data Analysis,270,11,15,19,1134,52,620,420,25447,34916,10407,8.74759303650725,1.6504892521711791,2.436436515109836,2.4451811280868645,Saturday,2025-10,1,High
1011,2025-10-12,Reel,Data Analysis,294,3,31,15,1465,51,205,299,20799,30964,10438,9.712005384874272,1.4375691138997067,0.9856243088610029,1.9926231078750718,Sunday,2025-10,0,Medium
1012,2025-10-13,Carousel,Python Interview Tips,91,15,0,15,989,35,69,246,13905,18295,10488,9.62962962962963,1.7691477885652642,0.4962243797195253,1.3258009153318078,Monday,2025-10,0,Low
1013,2025-10-14,Reel,SQL Tutorial,128,15,30,21,1610,77,202,263,21440,24080,10499,10.03731343283582,1.226679104477612,0.9421641791044776,2.0420992475473856,Tuesday,2025-10,1,Medium
1014,2025-10-15,Image,Machine Learning Basics,218,5,0,20,484,13,141,88,7813,10079,10513,9.292205298860873,1.126327915013439,1.8046845001919876,0.7431751165224009,Wednesday,2025-10,1,Low
1015,2025-10-16,Image,Excel Tricks,232,6,0,20,850,33,123,136,10662,13057,10536,10.7109360345151,1.2755580566497842,1.1536297129994373,1.0119589977220957,Thursday,2025-10,1,Low
1016,2025-10-17,Reel,Python Tips,191,12,29,18,1087,44,238,162,26991,36043,10553,5.672261124078397,0.6002000666888962,0.8817754066170205,2.5576613285321708,Friday,2025-10,1,High
1017,2025-10-18,Image,Python Tips,221,7,0,19,834,34,247,184,13549,17534,10565,9.587423426083106,1.3580338032327108,1.823012768469998,1.2824420255560813,Saturday,2025-10,1,Low
1018,2025-10-19,Carousel,Excel Tricks,74,4,0,18,667,21,221,128,12322,16802,10590,8.415841584158416,1.038792403830547,1.7935400097386787,1.1635505193578848,Sunday,2025-10,1,Low
1019,2025-10-20,Image,Python Tips,136,14,0,12,318,8,93,50,7176,10191,10641,6.535674470457079,0.6967670011148273,1.2959866220735785,0.6743727093318297,Monday,2025-10,0,Low
1020,2025-10-21,Reel,Python Interview Tips,163,4,50,21,2511,90,297,243,38005,43293,10662,8.264702012893041,0.6393895540060518,0.7814761215629523,3.564528231101107,Tuesday,2025-10,1,High
1021,2025-10-22,Image,Python Interview Tips,104,10,0,18,962,23,63,137,12644,18281,10720,9.372034166403036,1.0835178740904778,0.49826004428978166,1.1794776119402985,Wednesday,2025-10,1,Low
1022,2025-10-23,Carousel,SQL Tutorial,250,14,0,18,1222,30,168,625,17787,23519,10780,11.4971608478102,3.5138022151009163,0.9445100354191263,1.65,Thursday,2025-10,1,Medium
1023,2025-10-24,Carousel,Python Tips,62,3,0,20,653,29,79,379,10866,14491,10827,10.491441192711209,3.487944045646972,0.7270384686177066,1.0036021058464948,Friday,2025-10,1,Low
1024,2025-10-25,Image,Python Tips,270,13,0,19,528,24,102,164,11809,14100,10842,6.926920145651621,1.388771276145313,0.8637479888220849,1.0891901863124884,Saturday,2025-10,1,Low
1025,2025-10-26,Reel,Career Advice,130,11,31,19,2532,68,605,556,36891,43594,10891,10.194898484725272,1.5071426635222682,1.6399663874657775,3.3872922596639428,Sunday,2025-10,1,High
1026,2025-10-27,Reel,Excel Tricks,167,3,54,21,1585,35,244,178,19861,29779,10920,10.281456120034239,0.8962287900911334,1.228538341473239,1.8187728937728938,Monday,2025-10,1,Medium
1027,2025-10-28,Image,Python Interview Tips,162,5,0,18,937,35,272,203,13762,19727,10952,10.514460107542508,1.4750762970498474,1.9764569103328005,1.2565741417092768,Tuesday,2025-10,1,Low
1028,2025-10-29,Carousel,Machine Learning Basics,76,13,0,18,694,16,101,366,15305,22583,10962,7.6902972884678205,2.391375367526952,0.6599150604377655,1.39618682722131,Wednesday,2025-10,1,Medium
1029,2025-10-30,Reel,Python Interview Tips,225,6,55,20,1576,43,731,150,26179,37728,10989,9.549639023644907,0.5729783414186944,2.7923144505137705,2.3822913822913825,Thursday,2025-10,1,High
1030,2025-10-31,Reel,SQL Tutorial,247,8,23,9,939,39,370,212,18614,25219,11039,8.380788653701515,1.1389276888363598,1.98775115504459,1.6862034604583749,Friday,2025-10,0,Medium
1031,2025-11-01,Reel,Career Advice,59,11,38,21,2656,63,834,1069,57842,77103,11049,7.9907333771308044,1.8481380311884097,1.4418588568859998,5.2350438953751475,Saturday,2025-11,1,High
1032,2025-11-02,Image,Python Tips,224,6,0,21,568,24,235,143,12896,15472,11109,7.521712158808932,1.1088709677419355,1.8222704714640197,1.1608605635070663,Sunday,2025-11,1,Low
1033,2025-11-03,Carousel,Python Interview Tips,257,15,0,21,785,19,262,418,13896,16269,11158,10.679332181922856,3.0080598733448474,1.8854346574553829,1.2453844775049292,Monday,2025-11,1,Low
1034,2025-11-04,Image,Excel Tricks,118,6,0,20,1089,34,89,193,16015,18636,11194,8.773025288791757,1.2051201998126755,0.555729004058695,1.430677148472396,Tuesday,2025-11,1,Medium
1035,2025-11-05,Image,Data Analysis,273,15,0,18,422,10,102,185,10315,12285,11216,6.970431410567135,1.793504604944256,0.9888511875908871,0.9196683309557775,Wednesday,2025-11,1,Low
1036,2025-11-06,Reel,Career Advice,265,13,49,19,1340,62,436,447,32616,40197,11275,7.005764042187883,1.3704930095658572,1.3367672308069658,2.892771618625277,Thursday,2025-11,1,High
1037,2025-11-07,Reel,Machine Learning Basics,251,14,35,18,1810,42,632,179,22812,29075,11301,11.673680519025075,0.7846747325968788,2.7704716815711032,2.018582426333953,Friday,2025-11,1,Medium
1038,2025-11-08,Carousel,Python Tips,187,15,0,19,1021,42,104,271,13168,18102,11313,10.92041312272175,2.0580194410692587,0.7897934386391251,1.1639706532307965,Saturday,2025-11,1,Low
1039,2025-11-09,Image,Machine Learning Basics,234,4,0,18,808,32,132,207,13409,19577,11365,8.792601983742262,1.5437392795883362,0.9844134536505332,1.179850417949846,Sunday,2025-11,1,Low
1040,2025-11-10,Reel,Data Analysis,223,9,26,20,2313,84,333,413,44461,59853,11410,7.069116754009132,0.9289039832662334,0.7489710082994084,3.896669588080631,Monday,2025-11,1,High
1041,2025-11-11,Carousel,Machine Learning Basics,163,10,0,20,941,32,358,591,19384,24750,11447,9.915394139496492,3.048906314486174,1.8468840280643832,1.6933694417751375,Tuesday,2025-11,1,Medium
1042,2025-11-12,Carousel,SQL Tutorial,208,13,0,19,1314,55,272,272,18073,22303,11467,10.584850329220384,1.5050074697061915,1.5050074697061915,1.5760879044213831,Wednesday,2025-11,1,Medium
1043,2025-11-13,Reel,Python Tips,206,10,19,15,1697,63,532,242,22505,28855,11489,11.259720062208398,1.0753165963119307,2.363919129082426,1.9588301853947254,Thursday,2025-11,0,Medium
1044,2025-11-14,Reel,Career Advice,270,15,21,20,1279,56,607,313,26235,37027,11524,8.59538784067086,1.1930627024966647,2.3137030684200495,2.2765532801110724,Friday,2025-11,1,High
1045,2025-11-15,Reel,Excel Tricks,255,5,44,12,1487,56,540,343,18708,25574,11569,12.967714346803508,1.8334402394697455,2.886465683130212,1.6170801279280838,Saturday,2025-11,0,Medium
1046,2025-11-16,Image,Machine Learning Basics,164,11,0,18,901,30,114,112,12922,18851,11618,8.953722334004025,0.8667388949079089,0.8822163751741217,1.112239628163195,Sunday,2025-11,1,Low
1047,2025-11-17,Reel,Excel Tricks,111,13,32,19,3431,92,753,921,50071,63888,11668,10.379261448742785,1.8393880689421023,1.5038645123924028,4.291309564621186,Monday,2025-11,1,High
1048,2025-11-18,Reel,Python Interview Tips,230,5,28,18,2164,78,648,311,38449,43281,11683,8.325314052381076,0.8088636895627974,1.6853494239121956,3.2910211418300093,Tuesday,2025-11,1,High
1049,2025-11-19,Reel,Excel Tricks,55,14,51,19,833,25,506,368,20706,25927,11719,8.364725200424997,1.777262629189607,2.4437361151357093,1.7668743066814574,Wednesday,2025-11,1,Medium
1050,2025-11-20,Carousel,Career Advice,279,12,0,19,1008,33,112,373,20680,24572,11755,7.379110251450677,1.8036750483558996,0.5415860735009671,1.759251382390472,Thursday,2025-11,1,Medium
1051,2025-11-21,Carousel,Career Advice,285,10,0,15,868,18,146,324,13383,15404,11808,10.132257341403273,2.42098184263618,1.0909362624224763,1.1333841463414633,Friday,2025-11,0,Low
1052,2025-11-22,Reel,Data Analysis,96,10,18,12,1118,37,318,383,21075,25375,11819,8.806642941874259,1.8173190984578886,1.508896797153025,1.7831457822150774,Saturday,2025-11,0,Medium
1053,2025-11-23,Carousel,Excel Tricks,170,4,0,18,1241,62,206,535,20155,22326,11846,10.141404118084843,2.6544281815926567,1.0220788886132472,1.7014182002363667,Sunday,2025-11,1,Medium
1054,2025-11-24,Image,Python Tips,101,6,0,20,1163,31,217,120,17944,25762,11905,8.532099866250558,0.6687472135532769,1.2093178778421758,1.5072658546829063,Monday,2025-11,1,Medium
1055,2025-11-25,Reel,SQL Tutorial,205,5,53,20,2604,112,423,366,37890,56285,11928,9.250461863288468,0.9659540775930324,1.1163895486935866,3.176559356136821,Tuesday,2025-11,1,High
1056,2025-11-26,Reel,SQL Tutorial,151,9,60,19,1669,74,339,405,26211,30911,11975,9.488382740070962,1.5451527984434017,1.293350120178551,2.1888100208768266,Wednesday,2025-11,1,High
1057,2025-11-27,Image,Machine Learning Basics,194,15,0,21,747,24,146,174,13866,19593,12004,7.8681667387855185,1.2548680225010818,1.0529352372710226,1.1551149616794403,Thursday,2025-11,1,Low
1058,2025-11-28,Reel,Data Analysis,160,4,38,21,2835,116,670,620,38768,52500,12035,10.939434585224927,1.5992571192736278,1.7282294676021461,3.2212712920648108,Friday,2025-11,1,High
1059,2025-11-29,Reel,Excel Tricks,173,15,44,21,2932,82,1129,739,42348,53961,12086,11.528289411542458,1.7450647019930103,2.6660054784169263,3.5038887969551546,Saturday,2025-11,1,High
1060,2025-11-30,Reel,Data Analysis,195,10,54,15,1211,42,335,279,22671,30997,12101,8.2351903312602,1.2306470821754665,1.4776586828988576,1.8734815304520287,Sunday,2025-11,0,Medium
1061,2025-12-01,Carousel,SQL Tutorial,229,12,0,18,1169,41,147,291,18791,27285,12133,8.770155925709117,1.5486136980469374,0.7822893938587622,1.548751339322509,Monday,2025-12,1,Medium
1062,2025-12-02,Reel,Excel Tricks,215,10,60,15,1397,31,243,299,19490,25265,12169,10.107747562852746,1.5341200615700359,1.2467932272960491,1.6016106500123264,Tuesday,2025-12,0,Medium
1063,2025-12-03,Carousel,SQL Tutorial,138,11,0,19,1024,30,228,239,14674,18638,12198,10.365271909499796,1.628731089000954,1.5537685702603243,1.2029840957534021,Wednesday,2025-12,1,Low
1064,2025-12-04,Reel,Career Advice,240,4,49,15,1924,49,686,260,28468,42142,12224,10.253618097512996,0.9133061683293522,2.4097231979766756,2.328861256544503,Thursday,2025-12,0,High
1065,2025-12-05,Image,Machine Learning Basics,263,4,0,19,949,24,100,251,19345,22781,12271,6.844145774101835,1.2974928922202118,0.5169294391315585,1.5764811343818759,Friday,2025-12,1,Medium
1066,2025-12-06,Reel,Python Tips,291,14,23,19,2790,64,309,368,39795,53928,12298,8.872973991707502,0.9247392888553838,0.7764794572182435,3.2358920149617822,Saturday,2025-12,1,High
1067,2025-12-07,Reel,Python Interview Tips,290,7,45,22,1084,37,521,389,25451,29157,12338,7.9800400770107265,1.52842717378492,2.047070842010137,2.062814070351759,Sunday,2025-12,0,Medium
1068,2025-12-08,Reel,Machine Learning Basics,113,4,22,21,2271,86,858,667,40108,53072,12357,9.67886705894086,1.6630098733419765,2.139224094943652,3.245771627417658,Monday,2025-12,1,High
1069,2025-12-09,Reel,Data Analysis,159,12,34,18,1473,71,338,571,34744,46120,12391,7.060211835137002,1.6434492286437945,0.9728298411236471,2.803970623839884,Tuesday,2025-12,1,High
1070,2025-12-10,Reel,Career Advice,94,6,50,12,1076,36,559,251,26842,30332,12441,7.160420236942105,0.935101706281201,2.0825571864987706,2.157543605819468,Wednesday,2025-12,0,Medium
1071,2025-12-11,Reel,SQL Tutorial,68,10,58,20,2542,111,1044,857,50271,59991,12465,9.058900757892225,1.704760199717531,2.0767440472638303,4.032972322503008,Thursday,2025-12,1,High
1072,2025-12-12,Reel,Machine Learning Basics,282,5,32,15,1232,30,414,466,28751,41132,12487,7.450175646064484,1.620813189106466,1.4399499147855728,2.302474573556499,Friday,2025-12,0,High
1073,2025-12-13,Image,Data Analysis,127,14,0,12,1382,48,220,110,17791,24549,12533,9.89264234725423,0.6182901467033893,1.2365802934067787,1.4195324343732547,Saturday,2025-12,0,Medium
1074,2025-12-14,Image,Career Advice,56,7,0,18,606,27,105,148,7726,8780,12545,11.467771162309086,1.9156096298213823,1.3590473725084131,0.6158628935831009,Sunday,2025-12,1,Low
1075,2025-12-15,Carousel,SQL Tutorial,243,15,0,19,1525,50,230,901,25111,29381,12603,10.776153876787067,3.588068973756521,0.9159332563418422,1.992462112195509,Monday,2025-12,1,Medium
1076,2025-12-16,Carousel,Data Analysis,139,10,0,22,681,15,95,259,12897,16293,12640,8.141428239125378,2.0082189656509266,0.7366054121113438,1.0203322784810127,Tuesday,2025-12,0,Low
1077,2025-12-17,Reel,Data Analysis,59,11,44,21,1618,37,803,580,32309,36677,12681,9.402952737627286,1.795165433780061,2.4853755919403264,2.547827458402334,Wednesday,2025-12,1,High
1078,2025-12-18,Carousel,Machine Learning Basics,98,3,0,19,1207,42,216,193,18609,24328,12691,8.909667365253373,1.0371325702617014,1.160728679671127,1.4663147112126704,Thursday,2025-12,1,Medium
1079,2025-12-19,Carousel,SQL Tutorial,174,14,0,18,990,37,107,166,12553,14418,12718,10.356090177646777,1.3223930534533577,0.8523858838524655,0.9870262619908791,Friday,2025-12,1,Low
1080,2025-12-20,Reel,Data Analysis,168,4,22,12,1271,60,387,429,27556,37450,12763,7.791406590216286,1.5568297285527655,1.404412832051096,2.1590535140640914,Saturday,2025-12,0,Medium
1081,2025-12-21,Image,Data Analysis,87,11,0,15,1032,36,244,241,13434,16838,12799,11.560220336459729,1.7939556349560817,1.816287032901593,1.0496132510352372,Sunday,2025-12,0,Low
1082,2025-12-22,Carousel,Excel Tricks,179,15,0,18,1207,50,528,742,30109,36337,12826,8.392839350360358,2.4643794214354515,1.7536284831777875,2.3474972711679403,Monday,2025-12,1,High
1083,2025-12-23,Reel,Python Interview Tips,138,10,36,18,2301,77,549,291,37273,49228,12878,8.633595363936362,0.7807259946878438,1.4729160518337672,2.89431588756018,Tuesday,2025-12,1,High
1084,2025-12-24,Reel,Data Analysis,155,15,17,15,1314,62,358,442,22314,27385,12932,9.751725374204536,1.9808192166352963,1.604373935645783,1.725487163625116,Wednesday,2025-12,0,Medium
1085,2025-12-25,Image,Python Interview Tips,82,3,0,19,803,37,228,146,12633,16434,12992,9.609752236206761,1.1557033167102035,1.8047969603419616,0.9723676108374384,Thursday,2025-12,1,Low
1086,2025-12-26,Image,Python Tips,272,9,0,20,928,31,392,202,20110,27388,13035,7.722526106414719,1.0044753853804078,1.9492789656887122,1.5427694668200997,Friday,2025-12,1,Medium
1087,2025-12-27,Reel,Python Tips,269,13,49,21,2054,85,959,705,39015,48846,13089,9.747533000128156,1.8069973087274125,2.4580289632192747,2.980747192298877,Saturday,2025-12,1,High
1088,2025-12-28,Carousel,Python Interview Tips,108,7,0,19,1014,23,256,575,17687,24738,13101,10.561429298354724,3.2509752925877766,1.4473907389608187,1.3500496145332417,Sunday,2025-12,1,Low
1089,2025-12-29,Reel,SQL Tutorial,133,3,18,21,1992,48,704,488,36228,44102,13139,8.92127636082588,1.347024401015789,1.9432483162194987,2.757287464799452,Monday,2025-12,1,High
1090,2025-12-30,Reel,Python Interview Tips,208,9,58,12,2148,52,502,247,28085,33598,13199,10.500267046466085,0.8794730283069254,1.7874310129962614,2.1278127130843245,Tuesday,2025-12,0,Medium
1091,2025-12-31,Carousel,Excel Tricks,223,7,0,19,1115,53,514,443,25968,34242,13225,8.183148490449785,1.7059457794208255,1.9793592113370302,1.9635538752362949,Wednesday,2025-12,1,Medium
1092,2026-01-01,Carousel,Data Analysis,148,6,0,21,745,23,174,286,16849,24285,13262,7.288266365956436,1.6974301145468575,1.0327022375215147,1.2704720253355453,Thursday,2026-01,1,Low
1093,2026-01-02,Reel,Excel Tricks,52,7,51,20,2276,111,895,517,32000,46272,13316,11.871875,1.615625,2.796875,2.4031240612796636,Friday,2026-01,1,High
1094,2026-01-03,Carousel,Python Interview Tips,106,8,0,19,1230,49,300,508,18973,25701,13344,10.999841880567121,2.6774890634058925,1.5811943287830075,1.421837529976019,Saturday,2026-01,1,Medium
1095,2026-01-04,Carousel,Career Advice,251,7,0,19,902,37,90,242,14284,18231,13362,8.898067768132176,1.6942033043965274,0.6300756090730888,1.0690016464601109,Sunday,2026-01,1,Low
1096,2026-01-05,Reel,Python Interview Tips,274,11,38,12,2803,125,486,636,36622,48060,13419,11.05892632843646,1.7366610234285402,1.3270711594123752,2.7291154333407857,Monday,2026-01,0,High
1097,2026-01-06,Image,SQL Tutorial,255,8,0,20,1360,32,337,310,17331,19862,13459,11.765045294558883,1.788702325313023,1.9444925278402863,1.2876885355524184,Tuesday,2026-01,1,Low
1098,2026-01-07,Carousel,Data Analysis,192,15,0,22,967,19,176,287,13510,16837,13515,10.725388601036268,2.1243523316062176,1.3027387120651368,0.9996300406955235,Wednesday,2026-01,0,Low
1099,2026-01-08,Carousel,SQL Tutorial,290,13,0,19,1390,47,296,715,20758,25918,13568,11.793043645823296,3.4444551498217555,1.4259562578283071,1.5299233490566038,Thursday,2026-01,1,Medium
1100,2026-01-09,Image,Python Interview Tips,260,13,0,19,810,31,80,67,11912,15315,13598,8.294157152451309,0.5624580255204835,0.6715916722632639,0.8760111781144286,Friday,2026-01,1,Low
1101,2026-01-10,Reel,Data Analysis,277,6,49,12,1404,56,584,463,24150,27875,13610,10.380952380952381,1.917184265010352,2.418219461697723,1.7744305657604702,Saturday,2026-01,0,Medium
1102,2026-01-11,Carousel,Career Advice,217,9,0,15,915,29,296,151,15371,17516,13646,9.049508815301541,0.982369396916271,1.92570424825971,1.126410669793346,Sunday,2026-01,0,Low
1103,2026-01-12,Reel,Data Analysis,75,8,58,22,1390,54,162,167,18281,22795,13679,9.698594168809146,0.913516766041245,0.8861659646627646,1.3364281014694057,Monday,2026-01,0,Low
1104,2026-01-13,Image,Excel Tricks,104,13,0,19,1048,21,275,142,16417,22272,13696,9.051592861058658,0.8649570567095085,1.675092891514893,1.198671144859813,Tuesday,2026-01,1,Low
1105,2026-01-14,Carousel,Python Interview Tips,191,15,0,12,920,42,187,245,18934,22396,13714,7.362416816309285,1.2939685222351327,0.9876412802366114,1.3806329298527054,Wednesday,2026-01,0,Low
1106,2026-01-15,Reel,Excel Tricks,188,5,31,22,2382,83,428,425,40987,58177,13762,8.095249713323737,1.0369141435089175,1.0442335374630982,2.9782735067577386,Thursday,2026-01,0,High
1107,2026-01-16,Reel,SQL Tutorial,63,7,23,9,1697,71,506,463,27810,38841,13822,9.84178353110392,1.664868752247393,1.8194893923049262,2.012009839386485,Friday,2026-01,0,Medium
1108,2026-01-17,Carousel,Data Analysis,61,12,0,19,1831,72,228,632,23988,33364,13864,11.518259129564782,2.6346506586626646,0.9504752376188095,1.7302365839584535,Saturday,2026-01,1,Medium
1109,2026-01-18,Reel,Data Analysis,225,9,21,21,3370,74,411,623,44123,57188,13875,10.148901933232102,1.41196201527548,0.931486979579811,3.1800360360360362,Sunday,2026-01,1,High
1110,2026-01-19,Reel,Machine Learning Basics,232,11,35,19,1809,52,534,324,28324,35471,13889,9.599632820223132,1.1439062279339076,1.8853269312244032,2.039311685506516,Monday,2026-01,1,Medium
1111,2026-01-20,Carousel,Excel Tricks,191,15,0,20,1092,36,189,408,22481,31211,13949,7.673146212357102,1.81486588674881,0.8407099328321694,1.611656749587784,Tuesday,2026-01,1,Medium
1112,2026-01-21,Reel,Career Advice,130,9,57,12,2304,93,535,187,29491,35446,13988,10.576107965141908,0.6340917568071615,1.8141127801702215,2.1083071203889046,Wednesday,2026-01,0,Medium
1113,2026-01-22,Reel,Python Tips,257,8,23,20,5239,193,1231,564,82558,109186,14003,8.753845781147799,0.6831560842074663,1.4910729426584945,5.895736627865458,Thursday,2026-01,1,High
1114,2026-01-23,Image,Excel Tricks,63,14,0,18,1068,32,228,136,16693,24828,14035,8.770143173785419,0.8147127538489187,1.3658419696878932,1.1893836836480227,Friday,2026-01,1,Low
1115,2026-01-24,Reel,Excel Tricks,144,11,22,12,2423,107,1020,755,38497,54089,14087,11.182689560225473,1.961191781177754,2.649557108346105,2.7328032938169944,Saturday,2026-01,0,High
1116,2026-01-25,Carousel,Career Advice,287,12,0,19,1540,32,206,672,22736,30992,14136,10.775862068965516,2.955665024630542,0.9060520760028149,1.6083757781550652,Sunday,2026-01,1,Medium
1117,2026-01-26,Reel,Python Interview Tips,218,12,40,21,2426,119,333,451,34850,39305,14167,9.552367288378766,1.2941176470588236,0.9555236728837877,2.4599421190089643,Monday,2026-01,1,High
1118,2026-01-27,Reel,SQL Tutorial,234,7,35,15,2852,64,395,334,45498,64185,14201,8.011341157853092,0.7340982021187744,0.868170029451844,3.203858883177241,Tuesday,2026-01,0,High
1119,2026-01-28,Reel,Python Tips,158,13,46,18,2670,70,898,480,47216,63403,14250,8.721619789901728,1.0166045408336157,1.901897661809556,3.31340350877193,Wednesday,2026-01,1,High
1120,2026-01-29,Reel,Career Advice,220,11,34,19,3197,121,439,545,57284,64053,14267,7.509950422456532,0.9514000418965156,0.766357097968019,4.015139833181467,Thursday,2026-01,1,High
1121,2026-01-30,Carousel,Excel Tricks,80,8,0,18,1247,31,191,499,17853,19693,14290,11.02335741892119,2.795048451240688,1.0698482047835098,1.249335199440168,Friday,2026-01,1,Low
1122,2026-01-31,Carousel,Career Advice,151,4,0,21,1238,25,559,959,29717,42932,14332,9.35827977252078,3.2271090621529765,1.8810781707440185,2.0734719508791515,Saturday,2026-01,1,Medium
1123,2026-02-01,Reel,Data Analysis,124,9,22,20,2382,64,945,390,32810,41406,14378,11.523925632429137,1.1886619932947273,2.8802194452910697,2.2819585477813327,Sunday,2026-02,1,High
1124,2026-02-02,Image,Python Tips,112,4,0,18,1051,23,338,303,18771,23919,14432,9.136433860742635,1.6141921048425762,1.8006499387352832,1.30065133037694,Monday,2026-02,1,Low
1125,2026-02-03,Reel,Python Interview Tips,79,13,48,12,4024,122,1259,912,52791,68838,14456,11.96605481995037,1.7275671989543673,2.384876209960031,3.6518400664084116,Tuesday,2026-02,0,High
1126,2026-02-04,Reel,Python Interview Tips,204,5,24,18,2259,57,849,423,34127,47917,14475,10.5136695285258,1.2394877955870718,2.487766284759868,2.357651122625216,Wednesday,2026-02,1,High
1127,2026-02-05,Carousel,Machine Learning Basics,214,12,0,18,1329,61,294,267,20465,27712,14533,9.533349621304668,1.3046665037869534,1.436599071585634,1.4081744994151242,Thursday,2026-02,1,Medium
1128,2026-02-06,Reel,Career Advice,201,7,18,18,1671,56,324,409,38900,48266,14547,6.323907455012853,1.051413881748072,0.8329048843187661,2.674090877844229,Friday,2026-02,1,High
1129,2026-02-07,Reel,Excel Tricks,207,4,53,22,1143,41,494,360,19542,25459,14575,10.428819977484393,1.8421860607921399,2.527888650086992,1.3407890222984562,Saturday,2026-02,0,Low
1130,2026-02-08,Image,Machine Learning Basics,204,8,0,20,550,12,78,221,11963,15435,14613,7.197191339964892,1.8473627016634624,0.6520103652929867,0.8186546225963184,Sunday,2026-02,1,Low
1131,2026-02-09,Image,Python Tips,60,5,0,19,980,32,218,125,17042,20435,14644,7.9509447247975595,0.7334819856824316,1.2791925830301607,1.1637530729308931,Monday,2026-02,1,Low
1132,2026-02-10,Image,Data Analysis,223,8,0,18,971,38,81,87,13576,18180,14677,8.669711255156159,0.6408367707719506,0.5966411314083677,0.9249846698916673,Tuesday,2026-02,1,Low
1133,2026-02-11,Reel,SQL Tutorial,296,13,53,20,2428,91,486,466,45526,65981,14730,7.624214734437464,1.023590915081492,1.0675218556429293,3.0906992532247113,Wednesday,2026-02,1,High
1134,2026-02-12,Carousel,Data Analysis,290,14,0,12,914,35,145,182,14658,16620,14781,8.705143948696957,1.241642788920726,0.989220903261018,0.9916785061903796,Thursday,2026-02,0,Low
1135,2026-02-13,Image,Career Advice,73,11,0,22,955,29,175,129,16785,22800,14835,7.67351802204349,0.7685433422698837,1.0425975573428656,1.1314459049544996,Friday,2026-02,0,Low
1136,2026-02-14,Reel,Excel Tricks,85,6,24,19,2771,63,933,658,37564,42479,14858,11.779895644766265,1.7516771376850175,2.483761047811735,2.5282002961367613,Saturday,2026-02,1,High
1137,2026-02-15,Reel,SQL Tutorial,83,12,53,21,1754,78,938,646,37747,47209,14901,9.04972580602432,1.7113942829893765,2.4849656926378256,2.5331856922354206,Sunday,2026-02,1,High
1138,2026-02-16,Carousel,Python Tips,234,13,0,18,1713,48,481,626,29667,35452,14921,9.667307108908888,2.1100886506893177,1.6213300974146356,1.9882715635681254,Monday,2026-02,1,Medium
1139,2026-02-17,Reel,Excel Tricks,144,6,58,20,2237,75,390,302,28191,41690,14965,10.65588308325352,1.0712638785427973,1.383420240502288,1.8837955228867358,Tuesday,2026-02,1,Medium
1140,2026-02-18,Reel,Python Interview Tips,204,15,23,21,2202,75,829,995,52340,75851,15008,7.8353076041268634,1.9010317157050056,1.583874665647688,3.4874733475479744,Wednesday,2026-02,1,High
1141,2026-02-19,Image,Excel Tricks,245,4,0,12,1046,37,315,115,18044,21005,15063,8.385058745289292,0.6373309687430725,1.7457326535136333,1.1979021443271594,Thursday,2026-02,0,Low
1142,2026-02-20,Image,SQL Tutorial,63,9,0,21,680,21,77,103,12387,15590,15087,7.112295148139178,0.8315169128925486,0.6216194397352062,0.8210379797176377,Friday,2026-02,1,Low
1143,2026-02-21,Image,Excel Tricks,252,8,0,20,793,37,230,333,19098,22123,15117,7.293957482458896,1.7436380772855797,1.2043145879149648,1.2633459019646756,Saturday,2026-02,1,Low
1144,2026-02-22,Carousel,Data Analysis,54,4,0,19,1735,63,376,549,23645,28430,15175,11.516176781560583,2.32184394163671,1.5901882004652146,1.5581548599670512,Sunday,2026-02,1,Medium
1145,2026-02-23,Carousel,Python Interview Tips,111,3,0,18,1899,64,176,885,26471,33563,15192,11.423822296097615,3.3432813267349175,0.6648785463337237,1.7424302264349658,Monday,2026-02,1,Medium
1146,2026-02-24,Carousel,Career Advice,233,6,0,19,968,37,145,342,16938,19604,15240,8.808596056204983,2.0191285866099893,0.8560632896445861,1.1114173228346456,Tuesday,2026-02,1,Low
1147,2026-02-25,Carousel,Machine Learning Basics,294,4,0,22,595,29,131,193,9877,12943,15292,9.598056089905842,1.9540346258985521,1.3263136579933177,0.645893277530735,Wednesday,2026-02,0,Low
1148,2026-02-26,Reel,Data Analysis,241,7,16,22,1197,32,624,183,28039,34847,15332,7.261314597524876,0.652662363137059,2.225471664467349,1.8287894599530394,Thursday,2026-02,0,Medium
1149,2026-02-27,Carousel,SQL Tutorial,189,8,0,12,1313,58,305,709,19983,24687,15379,11.935144873142171,3.5480158134414257,1.5262973527498374,1.299369269783471,Friday,2026-02,0,Low
1150,2026-02-28,Carousel,Excel Tricks,248,14,0,12,849,22,345,674,20486,30266,15419,9.22581275017085,3.290051742653519,1.684076930586742,1.3286205331085026,Saturday,2026-02,0,Low
1151,2026-03-01,Image,Machine Learning Basics,171,11,0,18,1474,37,217,351,21024,25256,15449,9.888698630136988,1.6695205479452055,1.0321537290715372,1.3608647808919672,Sunday,2026-03,1,Low
1152,2026-03-02,Reel,Python Tips,277,9,40,20,3210,101,1245,527,42366,59198,15500,11.997828447339847,1.2439220129349007,2.938677241183968,2.733290322580645,Monday,2026-03,1,High
1153,2026-03-03,Reel,Excel Tricks,71,15,42,19,2898,129,894,443,45220,51169,15541,9.650597080937638,0.979655019902698,1.977001326846528,2.9097226690689144,Tuesday,2026-03,1,High
1154,2026-03-04,Reel,SQL Tutorial,233,12,42,18,2654,88,1096,858,45957,53616,15556,10.21824749222099,1.8669625954696782,2.3848380007398218,2.9542941630239135,Wednesday,2026-03,1,High
1155,2026-03-05,Image,SQL Tutorial,292,15,0,19,1088,35,206,264,16289,18291,15605,9.779605868991343,1.6207256430720118,1.2646571305789183,1.043832105094521,Thursday,2026-03,1,Low
1156,2026-03-06,Image,Python Interview Tips,250,13,0,21,1400,37,456,324,31089,39646,15625,7.131139631380874,1.0421692560069478,1.466756730676445,1.989696,Friday,2026-03,1,Medium
1157,2026-03-07,Reel,Python Interview Tips,145,8,43,20,2947,105,770,690,46822,65795,15671,9.636495664431251,1.4736662252787152,1.644526077484943,2.987811881819922,Saturday,2026-03,1,High
1158,2026-03-08,Image,Python Tips,182,10,0,20,908,25,129,170,14543,18248,15696,8.471429553737194,1.1689472598500996,0.8870246854156639,0.9265417940876657,Sunday,2026-03,1,Low
1159,2026-03-09,Reel,Data Analysis,268,5,19,15,2727,90,340,547,35919,46005,15745,10.31209109385005,1.5228709039783959,0.9465742364765165,2.281295649412512,Monday,2026-03,0,High
1160,2026-03-10,Carousel,Career Advice,124,11,0,12,1142,47,291,404,15429,22472,15775,12.21077192300214,2.6184457839134097,1.8860587205910946,0.978066561014263,Tuesday,2026-03,0,Low
1161,2026-03-11,Reel,Python Interview Tips,252,6,23,12,2725,84,929,547,45602,54480,15835,9.396517696592255,1.1995087934739703,2.037191351256524,2.879823176507736,Wednesday,2026-03,0,High
1162,2026-03-12,Reel,Python Tips,233,9,45,12,3117,139,403,862,44059,57729,15880,10.26124060918314,1.9564674640822535,0.9146825847159491,2.7744962216624685,Thursday,2026-03,0,High
1163,2026-03-13,Reel,Data Analysis,82,8,50,20,1628,79,593,642,34439,46696,15931,8.542640610935278,1.864165626179622,1.7218850721565666,2.161760090389806,Friday,2026-03,1,Medium
1164,2026-03-14,Image,Machine Learning Basics,91,5,0,15,1220,37,341,328,17851,21940,15944,10.789311523163967,1.8374320766343624,1.9102571284521876,1.1196061214249875,Saturday,2026-03,0,Low
1165,2026-03-15,Reel,Career Advice,82,7,55,22,1742,61,320,543,28400,34680,15959,9.387323943661972,1.9119718309859157,1.1267605633802817,1.7795601228147127,Sunday,2026-03,0,Medium
1166,2026-03-16,Reel,Machine Learning Basics,136,12,51,20,4016,90,1553,892,53878,60153,15978,12.158951705705483,1.6555922640038605,2.882438100894614,3.3720115158342723,Monday,2026-03,1,High
1167,2026-03-17,Carousel,Excel Tricks,213,12,0,19,3152,114,610,715,41718,46395,16004,11.004842034613356,1.7138884893810824,1.4621985713600845,2.6067233191702073,Tuesday,2026-03,1,High
1168,2026-03-18,Image,Career Advice,68,10,0,18,871,28,225,190,18813,25876,16029,6.984531972572157,1.0099399351512253,1.1959815021527667,1.1736851955830059,Wednesday,2026-03,1,Low
1169,2026-03-19,Reel,Career Advice,299,8,40,18,2320,85,621,507,42333,48780,16048,8.345735005787446,1.1976472255687054,1.4669406845723194,2.6378988035892323,Thursday,2026-03,1,High
1170,2026-03-20,Reel,Python Interview Tips,292,7,39,12,1757,85,861,533,30986,44795,16075,10.443426063383464,1.720131672368166,2.7786742399793454,1.9275894245723173,Friday,2026-03,0,Medium
1171,2026-03-21,Carousel,Python Interview Tips,181,10,0,20,1603,55,135,418,21329,27444,16121,10.366168127900979,1.9597730789066528,0.6329410661540625,1.3230568823273992,Saturday,2026-03,1,Low
1172,2026-03-22,Image,Python Interview Tips,62,3,0,19,1116,50,263,162,17474,21187,16160,9.104955934531302,0.927091679066041,1.5050932814467208,1.0813118811881188,Sunday,2026-03,1,Low
1173,2026-03-23,Image,Data Analysis,236,7,0,12,901,19,92,215,16059,20014,16170,7.640575378292547,1.3388131265956784,0.572887477426988,0.9931354359925788,Monday,2026-03,0,Low
1174,2026-03-24,Carousel,Python Tips,245,10,0,18,2056,79,399,351,28170,37182,16203,10.241391551295704,1.2460063897763578,1.4164004259850906,1.7385669320496204,Tuesday,2026-03,1,Medium
1175,2026-03-25,Reel,Excel Tricks,290,11,38,22,1939,68,758,229,40438,56693,16219,7.40392699935704,0.5662990256689253,1.8744745041792372,2.4932486589802085,Wednesday,2026-03,0,High
1176,2026-03-26,Carousel,Excel Tricks,88,10,0,19,1602,47,375,353,26428,35479,16237,8.994248524292416,1.335704555774179,1.4189495989102467,1.6276405739976596,Thursday,2026-03,1,Medium
1177,2026-03-27,Carousel,SQL Tutorial,262,11,0,19,2264,83,460,359,38000,49547,16286,8.33157894736842,0.9447368421052631,1.2105263157894737,2.3332923983789757,Friday,2026-03,1,High
1178,2026-03-28,Carousel,Data Analysis,280,15,0,19,1672,34,300,869,24777,34443,16317,11.603503248980909,3.5072849820397947,1.210800339024095,1.518477661334804,Saturday,2026-03,1,Medium
1179,2026-03-29,Image,Machine Learning Basics,63,14,0,19,1888,73,576,710,40344,53795,16377,8.048284751140194,1.759865159627206,1.4277215942891135,2.4634548452097453,Sunday,2026-03,1,High
1180,2026-03-30,Image,Python Interview Tips,78,14,0,9,848,27,164,118,14724,17320,16396,7.857919043738115,0.8014126596033686,1.1138277641945125,0.8980239082703099,Monday,2026-03,0,Low
1181,2026-03-31,Carousel,Data Analysis,236,14,0,21,979,25,212,578,21524,24212,16438,8.33488199219476,2.685374465712693,0.9849470358669392,1.3094050371091375,Tuesday,2026-03,1,Low
1182,2026-04-01,Reel,Python Interview Tips,137,11,49,19,2453,102,760,533,34621,42989,16481,11.11464140261691,1.539528032119234,2.195199445423298,2.100661367635459,Wednesday,2026-04,1,Medium
1183,2026-04-02,Reel,Python Interview Tips,107,7,34,18,3980,162,1080,711,58371,82213,16530,10.164293913073273,1.2180706172585702,1.8502338490003596,3.5312159709618873,Thursday,2026-04,1,High
1184,2026-04-03,Image,Excel Tricks,81,7,0,20,1147,53,202,189,18583,24704,16575,8.561588548673518,1.017058601948017,1.0870150137222192,1.1211463046757164,Friday,2026-04,1,Low
1185,2026-04-04,Image,SQL Tutorial,70,14,0,9,1014,24,186,122,15271,18913,16634,8.814092069936482,0.7988998755811669,1.217994892279484,0.9180593964169773,Saturday,2026-04,0,Low
1186,2026-04-05,Reel,Machine Learning Basics,77,5,54,20,2342,50,1316,396,47246,65972,16678,8.686449646530923,0.8381661939635101,2.78542098802015,2.8328336731022903,Sunday,2026-04,1,High
1187,2026-04-06,Reel,Data Analysis,75,10,58,18,1810,66,1279,499,45029,63414,16702,8.11477048124542,1.1081747318394812,2.840391747540474,2.69602442821219,Monday,2026-04,1,High
1188,2026-04-07,Reel,Python Interview Tips,132,7,33,20,3236,73,865,552,42404,57599,16742,11.145174983492122,1.3017639845297615,2.039901896047543,2.532791781149206,Tuesday,2026-04,1,High
1189,2026-04-08,Image,Python Tips,156,5,0,21,1014,29,262,144,13158,19117,16798,11.012311901504788,1.094391244870041,1.9911840705274357,0.7833075366115013,Wednesday,2026-04,1,Low
1190,2026-04-09,Reel,Career Advice,274,7,17,22,1516,35,715,224,24173,26679,16839,10.300748769288049,0.9266537045463947,2.9578455301369297,1.4355365520517847,Thursday,2026-04,0,Medium
1191,2026-04-10,Carousel,Data Analysis,267,5,0,21,1584,70,309,894,31115,40501,16890,9.18206652739836,2.873212277036799,0.9930901494456049,1.8422143280047365,Friday,2026-04,1,Medium
1192,2026-04-11,Reel,Python Interview Tips,252,8,33,9,2462,62,937,646,35028,46486,16941,11.724905789653992,1.8442388945986068,2.67500285485897,2.067646537984771,Saturday,2026-04,0,Medium
1193,2026-04-12,Carousel,Python Tips,97,4,0,18,1072,51,92,351,18156,27100,16978,8.62524785194977,1.933245208195638,0.506719541749284,1.069383908587584,Sunday,2026-04,1,Low
1194,2026-04-13,Carousel,SQL Tutorial,196,14,0,18,1906,77,171,351,28828,31842,17016,8.68946857222145,1.217566255029832,0.5931733037324822,1.6941701927597554,Monday,2026-04,1,Medium
1195,2026-04-14,Reel,Career Advice,247,14,34,19,4053,195,975,514,61837,85094,17045,9.27761696071931,0.8312175558322686,1.5767259084366962,3.6278674097975947,Tuesday,2026-04,1,High
1196,2026-04-15,Reel,Data Analysis,145,12,41,20,2873,122,959,652,37560,51861,17063,12.263045793397232,1.7358892438764644,2.553248136315229,2.201254175701811,Wednesday,2026-04,1,High
1197,2026-04-16,Reel,Excel Tricks,70,15,48,19,3329,74,986,289,48849,62463,17121,9.57644987614895,0.5916190710147597,2.0184650658150627,2.8531627825477486,Thursday,2026-04,1,High
1198,2026-04-17,Image,Python Interview Tips,92,5,0,19,1211,28,161,273,19925,24532,17166,8.396486825595986,1.3701380175658722,0.8080301129234629,1.1607246883374112,Friday,2026-04,1,Low
1199,2026-04-18,Image,Data Analysis,83,10,0,21,938,20,192,275,16112,21030,17181,8.84433962264151,1.7068023833167825,1.1916583912611718,0.9377801059309703,Saturday,2026-04,1,Low
1200,2026-04-19,Reel,SQL Tutorial,105,14,52,21,2947,120,1018,305,51754,58441,17237,8.482436140201724,0.5893264288750628,1.9669977199829964,3.002494633636944,Sunday,2026-04,1,High
1201,2026-04-20,Image,Data Analysis,96,9,0,9,1058,52,220,169,14988,21096,17251,10.001334400854017,1.1275687216439818,1.4678409394182013,0.8688191988870211,Monday,2026-04,0,Low
1202,2026-04-21,Reel,Data Analysis,296,13,57,18,2819,129,632,1237,62215,90200,17285,7.742505826569156,1.988266495218195,1.015832194808326,3.599363610066532,Tuesday,2026-04,1,High
1203,2026-04-22,Carousel,Career Advice,243,3,0,22,1032,41,261,464,19878,22046,17320,9.045175570982996,2.33423885702787,1.313009357078177,1.1476905311778292,Wednesday,2026-04,0,Low
1204,2026-04-23,Reel,SQL Tutorial,289,6,22,15,1930,74,830,533,29072,32353,17344,11.581590533847,1.8333791964777104,2.8549807374793614,1.6761992619926198,Thursday,2026-04,0,Medium
1205,2026-04-24,Reel,Python Tips,203,10,58,19,1582,66,624,321,37721,52104,17369,6.874154979984624,0.8509848625434108,1.654250947747939,2.171742760089815,Friday,2026-04,1,High
1206,2026-04-25,Carousel,Excel Tricks,124,11,0,12,1892,70,337,737,24687,29467,17392,12.297970591809454,2.985376919026208,1.3650909385506542,1.4194457221711132,Saturday,2026-04,0,Medium
1207,2026-04-26,Reel,Python Interview Tips,106,11,41,22,1420,68,913,625,33470,40840,17422,9.040932178069912,1.867343890050792,2.727815954586197,1.9211341981402823,Sunday,2026-04,0,Medium
1208,2026-04-27,Carousel,Machine Learning Basics,291,8,0,19,1721,61,481,624,31167,42303,17472,9.26300253473225,2.002117624410434,1.5432990021497097,1.7838255494505495,Monday,2026-04,1,Medium
1209,2026-04-28,Reel,Excel Tricks,267,6,29,19,9630,425,3959,1894,141001,172062,17501,11.282189488017815,1.3432528847313139,2.8077815050957087,8.05673961487915,Tuesday,2026-04,1,High
1210,2026-04-29,Carousel,Python Interview Tips,102,7,0,18,1345,45,329,731,31176,38412,17537,7.8586091865537595,2.344752373620734,1.0552989479086476,1.7777270912926955,Wednesday,2026-04,1,Medium
1211,2026-04-30,Reel,Data Analysis,60,12,19,20,4512,188,1285,780,64036,75259,17559,10.56437004185146,1.2180648385283277,2.0066837403960274,3.6469047212255825,Thursday,2026-04,1,High
1212,2026-05-01,Reel,Python Tips,296,6,22,15,3706,175,1222,821,52814,73873,17590,11.21672283864127,1.554512061195895,2.3137804370053394,3.002501421262081,Friday,2026-05,0,High
1213,2026-05-02,Image,Machine Learning Basics,147,7,0,18,1014,47,255,448,24591,31636,17625,7.173356105892399,1.8218047253060063,1.0369647431987312,1.3952340425531915,Saturday,2026-05,1,Medium
1214,2026-05-03,Reel,Career Advice,284,8,28,19,2940,108,648,373,51994,64903,17664,7.8259029888064005,0.7173904681309382,1.246297649728815,2.9435009057971016,Sunday,2026-05,1,High
1215,2026-05-04,Carousel,Machine Learning Basics,125,9,0,19,1814,56,597,767,34118,39609,17690,9.478867459991793,2.248080192273873,1.7498094847294685,1.9286602600339176,Monday,2026-05,1,Medium
1216,2026-05-05,Image,SQL Tutorial,297,10,0,18,1269,42,291,187,18250,25356,17741,9.802739726027397,1.0246575342465754,1.5945205479452056,1.028690603686376,Tuesday,2026-05,1,Low
1217,2026-05-06,Carousel,Data Analysis,214,11,0,15,1273,57,127,649,20889,30976,17759,10.08186126669539,3.1068983675618744,0.6079754894920771,1.176248662649924,Wednesday,2026-05,0,Low
1218,2026-05-07,Carousel,Data Analysis,109,13,0,12,904,24,232,208,19645,22143,17772,6.9636039704759485,1.0587935861542377,1.180962076864342,1.1053905019131218,Thursday,2026-05,0,Low
1219,2026-05-08,Carousel,Machine Learning Basics,174,13,0,21,1808,58,154,841,29512,32648,17822,9.694361615613987,2.849688262401735,0.5218216318785579,1.6559308719560095,Friday,2026-05,1,Medium
1220,2026-05-09,Image,Python Tips,222,14,0,19,3085,78,746,511,39769,50595,17866,11.114184414996606,1.2849204153989289,1.8758329352007843,2.2259599238777565,Saturday,2026-05,1,High
1221,2026-05-10,Reel,Machine Learning Basics,118,8,40,18,2799,94,463,552,35726,40427,17891,10.938812069641157,1.5450932094273078,1.295974920226166,1.9968699346039909,Sunday,2026-05,1,Medium
1222,2026-05-11,Carousel,Excel Tricks,244,13,0,12,1492,46,322,695,26549,29540,17920,9.623714640852763,2.6178010471204187,1.212851708162266,1.4815290178571427,Monday,2026-05,0,Medium
1223,2026-05-12,Reel,Data Analysis,250,13,36,21,2940,67,766,223,39569,52482,17974,10.098814728701761,0.563572493618742,1.9358588794258131,2.201457661065984,Tuesday,2026-05,1,High
1224,2026-05-13,Image,Career Advice,119,10,0,21,857,40,369,268,19960,22327,17997,7.685370741482966,1.342685370741483,1.848697394789579,1.1090737345113075,Wednesday,2026-05,1,Low
1225,2026-05-14,Reel,Excel Tricks,200,6,24,18,4980,159,671,540,72706,101853,18009,8.733804637856574,0.7427172447941023,0.9228949467719307,4.037203620412016,Thursday,2026-05,1,High
1226,2026-05-15,Carousel,Excel Tricks,134,11,0,18,2069,90,456,330,29732,37270,18034,9.905152697430378,1.1099152428360017,1.5337010628279295,1.6486636353554398,Friday,2026-05,1,Medium
1227,2026-05-16,Image,Python Tips,264,6,0,12,794,30,172,241,12381,13995,18091,9.991115418786851,1.9465309748808657,1.3892254260560537,0.684373445359571,Saturday,2026-05,0,Low
1228,2026-05-17,Reel,SQL Tutorial,175,10,29,20,3876,127,1137,744,49927,62025,18121,11.785206401345965,1.4901756564584292,2.2773248943457447,2.7552011478395233,Sunday,2026-05,1,High
1229,2026-05-18,Carousel,SQL Tutorial,68,14,0,20,1609,66,505,1010,34872,39503,18136,9.147740307409956,2.896306492314751,1.4481532461573754,1.9228054697838552,Monday,2026-05,1,Medium
1230,2026-05-19,Reel,Python Tips,163,7,38,9,1285,29,501,389,29150,40942,18166,7.560891938250429,1.3344768439108061,1.7186963979416812,1.6046460420565893,Tuesday,2026-05,0,Medium
1231,2026-05-20,Reel,Python Tips,73,11,53,12,2150,67,571,439,40593,54362,18208,7.949646490774271,1.081467248047693,1.4066464661394822,2.2294046572934976,Wednesday,2026-05,0,High
1232,2026-05-21,Carousel,Machine Learning Basics,196,6,0,21,1881,47,252,453,27910,36518,18223,9.433894661411681,1.6230741669652455,0.9029021855965604,1.5315809691049773,Thursday,2026-05,1,Medium
1233,2026-05-22,Reel,Data Analysis,173,7,19,18,3144,130,754,576,40428,50310,18242,11.388146828930443,1.4247551202137132,1.8650440288908676,2.2162043635566278,Friday,2026-05,1,High
1234,2026-05-23,Reel,SQL Tutorial,135,9,54,9,3866,128,892,900,51911,64990,18281,11.145999884417561,1.7337365876211208,1.7183255957311552,2.839614900716591,Saturday,2026-05,0,High
1235,2026-05-24,Image,Python Interview Tips,292,12,0,18,1585,40,294,262,26807,36943,18332,8.135934643936285,0.9773566605737307,1.0967284664453314,1.4623063495526947,Sunday,2026-05,1,Medium
1236,2026-05-25,Carousel,Data Analysis,112,15,0,22,566,24,115,378,11065,13613,18389,9.787618617261636,3.4161771351107095,1.0393131495707186,0.6017184186198271,Monday,2026-05,0,Low
1237,2026-05-26,Carousel,Machine Learning Basics,190,15,0,15,1663,80,196,735,24073,26739,18411,11.1078801977319,3.053213143355627,0.8141901715615005,1.307533539731682,Tuesday,2026-05,0,Low
1238,2026-05-27,Reel,Excel Tricks,222,9,46,20,2201,60,463,479,42250,48827,18465,7.581065088757397,1.1337278106508875,1.0958579881656805,2.2881126455456267,Wednesday,2026-05,1,High
1239,2026-05-28,Reel,Machine Learning Basics,186,9,47,19,4622,150,514,1206,61807,90819,18499,10.503664633455758,1.9512352969728346,0.8316210138010257,3.3410995188929133,Thursday,2026-05,1,High
1240,2026-05-29,Image,Machine Learning Basics,77,4,0,19,1133,34,251,96,17093,24059,18553,8.857427016907506,0.5616334171883227,1.4684373720236354,0.9213065272462675,Friday,2026-05,1,Low
1241,2026-05-30,Carousel,Data Analysis,297,8,0,22,771,17,145,508,17447,24748,18604,8.259299593053248,2.911675359660687,0.8310884392732275,0.9378090733175661,Saturday,2026-05,0,Low
1242,2026-05-31,Carousel,Machine Learning Basics,150,8,0,15,1714,69,185,917,25525,32805,18649,11.302644466209598,3.592556317335945,0.7247796278158668,1.3687060968416538,Sunday,2026-05,0,Low
1243,2026-06-01,Reel,Data Analysis,79,4,24,21,3696,160,1322,703,68809,85277,18689,8.546847069424057,1.0216686770625936,1.9212603002514206,3.6817914281127937,Monday,2026-06,1,High
1244,2026-06-02,Reel,Career Advice,126,4,17,19,1527,69,755,518,34238,48757,18705,8.379578246392896,1.5129388398855073,2.205152170103394,1.8304196738839882,Tuesday,2026-06,1,Medium
1245,2026-06-03,Image,Career Advice,191,5,0,15,945,46,128,167,15156,17642,18725,8.485088413829507,1.1018738453417787,0.844550013196094,0.8093991989319093,Wednesday,2026-06,0,Low
1246,2026-06-04,Reel,Career Advice,238,3,54,18,2341,76,306,331,40374,58673,18746,7.564274037747065,0.8198345469856838,0.7579135086937138,2.153739464419076,Thursday,2026-06,1,Medium
1247,2026-06-05,Carousel,Excel Tricks,76,12,0,20,1590,49,205,312,25867,36725,18773,8.334944137317818,1.2061700235821704,0.7925155603664901,1.3778831300271668,Friday,2026-06,1,Low
1248,2026-06-06,Image,Machine Learning Basics,202,8,0,22,1210,28,223,257,21729,27279,18825,7.906484421740531,1.1827511620415114,1.0262782456624786,1.1542629482071713,Saturday,2026-06,0,Low
1249,2026-06-07,Image,Career Advice,201,12,0,21,1180,27,249,201,26025,29509,18846,6.366954851104707,0.7723342939481268,0.956772334293948,1.380929640241961,Sunday,2026-06,1,Low
1250,2026-06-08,Reel,Data Analysis,197,5,39,18,2476,89,1173,789,41647,52859,18900,10.869930607246621,1.8944942012629962,2.8165294018776863,2.2035449735449735,Monday,2026-06,1,High
1251,2026-06-09,Carousel,Data Analysis,130,5,0,18,2292,105,682,781,35397,50858,18921,10.904878944543322,2.2064016724581177,1.926716953414131,1.870778500079277,Tuesday,2026-06,1,Medium
1252,2026-06-10,Image,Machine Learning Basics,154,10,0,19,2275,102,495,250,40185,55209,18943,7.769068060221477,0.6221226825930073,1.2318029115341544,2.1213640922768304,Wednesday,2026-06,1,Medium
1253,2026-06-11,Carousel,Python Interview Tips,107,7,0,18,1767,59,610,1122,37816,49729,18954,9.408715887455045,2.9669980960440023,1.613073831182568,1.9951461432942914,Thursday,2026-06,1,Medium
1254,2026-06-12,Carousel,Machine Learning Basics,189,15,0,12,886,39,91,460,16217,23179,18999,9.101560091262256,2.8365295677375593,0.5611395449219955,0.85357124059161,Friday,2026-06,0,Low
1255,2026-06-13,Reel,Data Analysis,242,13,30,12,3419,114,656,737,42759,52126,19043,11.520381674033537,1.7236137421361584,1.53417993872635,2.2453920075618337,Saturday,2026-06,0,High
1256,2026-06-14,Image,Python Tips,103,6,0,20,1937,59,477,442,30507,43450,19081,9.555184056118268,1.4488478054217067,1.563575572819353,1.5988155757035796,Sunday,2026-06,1,Medium
1257,2026-06-15,Carousel,Excel Tricks,256,6,0,15,1007,28,243,330,18641,20947,19101,8.626146665951397,1.7702912933855481,1.3035781342202672,0.9759174912308256,Monday,2026-06,0,Low
1258,2026-06-16,Reel,Machine Learning Basics,280,11,58,18,2669,113,984,346,58766,83804,19156,6.997243303951264,0.588775822754654,1.6744375999727734,3.0677594487366884,Tuesday,2026-06,1,High
1259,2026-06-17,Image,Python Interview Tips,113,5,0,20,1408,38,470,290,26634,30855,19183,8.282646241646017,1.0888338214312532,1.7646617105954794,1.3884168273992599,Wednesday,2026-06,1,Medium
1260,2026-06-18,Carousel,SQL Tutorial,165,9,0,19,1744,75,268,710,24297,27460,19202,11.511709264518254,2.922171461497304,1.1030168333539119,1.2653369440683262,Thursday,2026-06,1,Low
1261,2026-06-19,Image,SQL Tutorial,133,10,0,19,1769,80,151,463,23676,31554,19256,10.40293968575773,1.9555668187193782,0.6377766514613955,1.2295388450353137,Friday,2026-06,1,Low
1262,2026-06-20,Carousel,SQL Tutorial,186,15,0,21,1096,49,173,246,13929,17537,19306,11.228372460334555,1.7660995046306267,1.2420130662646278,0.7214855485341345,Saturday,2026-06,1,Low
1263,2026-06-21,Reel,Machine Learning Basics,251,10,36,12,2673,57,818,665,37929,55287,19334,11.1075957710459,1.7532758575232672,2.156661130006064,1.9617771800972381,Sunday,2026-06,0,Medium
1264,2026-06-22,Reel,Excel Tricks,50,10,42,15,2590,62,848,283,38356,45295,19345,9.862863697987278,0.7378245906768172,2.2108666179997916,1.982734556733006,Monday,2026-06,0,Medium
1265,2026-06-23,Reel,SQL Tutorial,220,8,56,18,2102,61,874,320,37636,43891,19372,8.919651397598043,0.8502497608672548,2.3222446593686894,1.9428040470782573,Tuesday,2026-06,1,Medium
1266,2026-06-24,Reel,Python Tips,69,10,23,9,3599,120,454,601,59226,79213,19423,8.060649039273292,1.0147570323844257,0.7665552291223449,3.049271482263296,Wednesday,2026-06,0,High
1267,2026-06-25,Image,Data Analysis,68,10,0,20,739,32,111,178,16968,20218,19440,6.2470532767562466,1.049033474776049,0.6541725601131542,0.8728395061728395,Thursday,2026-06,1,Low
1268,2026-06-26,Reel,Excel Tricks,214,5,58,21,2687,54,971,509,43895,50792,19469,9.616129399703839,1.1595853741884041,2.212097049777879,2.2546098926498535,Friday,2026-06,1,High
1269,2026-06-27,Reel,Career Advice,207,9,58,15,2039,95,446,286,41896,53499,19525,6.84074852014512,0.6826427343899178,1.064540767615047,2.145761843790013,Saturday,2026-06,0,Medium
1270,2026-06-28,Reel,Data Analysis,113,5,32,18,4233,160,2011,786,84790,115131,19581,8.479773558202618,0.9269961080316075,2.371741950701734,4.330218068535825,Sunday,2026-06,1,High
1271,2026-06-29,Reel,Excel Tricks,102,7,48,20,1700,53,788,599,35768,48028,19635,8.778796689778574,1.674681279355849,2.203086557817043,1.8216450216450217,Monday,2026-06,1,Medium
1272,2026-06-30,Image,Data Analysis,177,6,0,18,1314,61,158,319,30682,41581,19695,6.036112378593312,1.0396975425330812,0.5149599113486735,1.557857324193958,Tuesday,2026-06,1,Medium
1273,2026-07-01,Reel,Excel Tricks,143,9,49,21,3764,183,1325,280,53390,73313,19725,10.398951114440907,0.5244427795467316,2.481738153212212,2.7067173637515842,Wednesday,2026-07,1,High
1274,2026-07-02,Reel,Python Interview Tips,292,3,40,9,1801,63,465,429,27659,36029,19739,9.971437868324957,1.5510322137459778,1.6811887631512348,1.4012361315162876,Thursday,2026-07,0,Medium
1275,2026-07-03,Carousel,Machine Learning Basics,71,7,0,19,2065,53,585,802,34175,41828,19754,10.256035113386979,2.3467446964155085,1.711777615215801,1.7300293611420472,Friday,2026-07,1,Medium
1276,2026-07-04,Carousel,Excel Tricks,214,13,0,21,2292,96,597,356,33743,38009,19789,9.901312864890496,1.0550336366061108,1.769255845656877,1.7051392187578958,Saturday,2026-07,1,Medium
1277,2026-07-05,Image,Python Tips,64,12,0,19,1481,62,144,332,21271,26029,19804,9.491796342438061,1.560810493159701,0.6769780452258944,1.074075944253686,Sunday,2026-07,1,Low
1278,2026-07-06,Reel,Data Analysis,182,11,31,22,1846,80,555,749,40971,47804,19858,7.8836250030509385,1.8281223304288399,1.354616680090796,2.063198710847014,Monday,2026-07,0,Medium
1279,2026-07-07,Image,SQL Tutorial,184,7,0,21,1468,54,132,253,21445,24137,19917,8.89251573793425,1.1797621823268827,0.6155280951270692,1.0767183812823216,Tuesday,2026-07,1,Low
1280,2026-07-08,Reel,Excel Tricks,90,8,31,19,4952,199,659,1053,65367,92123,19950,10.499181544204262,1.6109045848822798,1.0081539614790338,3.276541353383459,Wednesday,2026-07,1,High
1281,2026-07-09,Reel,Excel Tricks,170,3,38,9,1940,92,1130,560,42183,52863,19960,8.823459687551857,1.3275490126354217,2.6788042576393334,2.113376753507014,Thursday,2026-07,0,Medium
1282,2026-07-10,Carousel,Data Analysis,156,6,0,15,1829,81,470,423,34658,50820,20015,8.087598822782619,1.2204974320503204,1.3561082578336892,1.7316012990257308,Friday,2026-07,0,Medium
1283,2026-07-11,Image,Python Interview Tips,61,11,0,15,604,20,130,249,14137,20945,20068,7.094857466223385,1.7613355025818775,0.9195727523519841,0.7044548534981064,Saturday,2026-07,0,Low
1284,2026-07-12,Reel,Data Analysis,124,6,51,9,3758,102,852,1057,54021,76375,20098,10.679180318764924,1.9566464893282243,1.577164436052646,2.6878793909841776,Sunday,2026-07,0,High
1285,2026-07-13,Carousel,Career Advice,253,15,0,21,808,26,170,368,20074,24049,20157,6.834711567201356,1.8332170967420545,0.8468665936036666,0.9958823237584958,Monday,2026-07,1,Low
1286,2026-07-14,Image,SQL Tutorial,146,13,0,9,1032,23,193,128,14944,21513,20211,9.207708779443255,0.8565310492505354,1.2914882226980728,0.7393993369947058,Tuesday,2026-07,0,Low
1287,2026-07-15,Image,Python Interview Tips,61,4,0,20,1999,71,408,278,26351,38696,20252,10.458806117414898,1.0549884254866988,1.5483283366855147,1.3011554414378828,Wednesday,2026-07,1,Low
1288,2026-07-16,Reel,Python Tips,259,13,40,19,4501,148,2095,613,71781,81107,20309,10.249230297711094,0.8539864309496942,2.9185996294284,3.534442857846275,Thursday,2026-07,1,High
1289,2026-07-17,Image,Excel Tricks,133,14,0,18,1105,24,174,362,21719,26654,20335,7.666098807495741,1.6667434043924674,0.8011418573599154,1.0680599950823704,Friday,2026-07,1,Low
1290,2026-07-18,Reel,Python Tips,130,10,41,15,2220,95,721,488,40864,46923,20382,8.623727486296007,1.1942051683633517,1.764389193422083,2.004906289863605,Saturday,2026-07,0,Medium
1291,2026-07-19,Reel,Excel Tricks,228,14,53,20,3636,108,472,431,49513,55263,20399,9.385413931694707,0.8704784602023711,0.9532849958596733,2.427226824844355,Sunday,2026-07,1,High
1292,2026-07-20,Reel,Python Tips,259,7,26,20,3100,104,1342,482,55187,61391,20431,9.110841321325674,0.8733940964357547,2.431732110823201,2.701140423865694,Monday,2026-07,1,High
1293,2026-07-21,Reel,Excel Tricks,65,3,29,12,4133,128,1228,831,56671,65301,20470,11.152088369712903,1.4663584549416808,2.166893119937887,2.7684904738641913,Tuesday,2026-07,0,High
1294,2026-07-22,Carousel,Excel Tricks,100,4,0,12,1454,34,468,790,25196,36811,20517,10.898555326242262,3.135418320368313,1.8574376885219877,1.228054783837793,Wednesday,2026-07,0,Low
1295,2026-07-23,Reel,Data Analysis,160,12,40,12,2422,79,677,815,43793,56863,20548,9.117895554083987,1.8610280181764207,1.5459091635649533,2.1312536499902666,Thursday,2026-07,0,Medium
1296,2026-07-24,Reel,Python Interview Tips,207,12,30,9,3131,145,954,329,52236,70984,20575,8.727697373458918,0.6298338310743549,1.826326671261199,2.538809234507898,Friday,2026-07,0,High
1297,2026-07-25,Reel,Python Interview Tips,184,15,30,19,5285,231,2182,1226,73322,99153,20609,12.170971877471972,1.672076593655383,2.9759144595073783,3.55776602455238,Saturday,2026-07,1,High
1298,2026-07-26,Reel,Excel Tricks,178,12,35,19,3932,116,1035,1536,83330,104608,20641,7.943117724708988,1.843273730949238,1.2420496819872795,4.037110605106342,Sunday,2026-07,1,High
1299,2026-07-27,Reel,Excel Tricks,141,11,52,22,3232,74,912,368,40936,61397,20700,11.202853234316983,0.8989642368575338,2.2278678913425836,1.977584541062802,Monday,2026-07,0,Medium
