comment_id,post_id,comment_text
1,1000,Can you make a video on this topic?
2,1000,This helped me a lot
3,1000,Love this reel ❤️
4,1001,"Great explanation, thank you!"
5,1001,Which tool did you use?
6,1001,"Too fast, couldn't follow"
7,1001,Which tool did you use?
8,1001,Poor explanation
9,1002,Love this reel ❤️
10,1002,Please share the code
11,1002,Love this reel ❤️
12,1002,Very useful content!
13,1002,Amazing tutorial 🔥
14,1003,This helped me a lot
15,1003,Amazing tutorial 🔥
16,1003,Love this reel ❤️
17,1003,Love this reel ❤️
18,1003,Audio quality is poor
19,1003,Love this reel ❤️
20,1004,Can you make a video on this topic?
21,1004,Which tool did you use?
22,1004,Audio quality is poor
23,1004,Please share the code
24,1004,"Great explanation, thank you!"
25,1004,Love this reel ❤️
26,1004,Too expensive course
27,1004,Please share the code
28,1004,Can you make a video on this topic?
29,1004,Which tool did you use?
30,1004,Amazing tutorial 🔥
31,1004,Please share the code
32,1005,Which tool did you use?
33,1005,Super clear and simple
34,1005,Super clear and simple
35,1005,Too expensive course
36,1005,Poor explanation
37,1005,Amazing tutorial 🔥
38,1005,Amazing tutorial 🔥
39,1006,When will you upload part 2?
40,1006,Not useful for beginners
41,1006,Very useful content!
42,1006,"Great explanation, thank you!"
43,1006,Very useful content!
44,1006,Which tool did you use?
45,1007,Love this reel ❤️
46,1007,Very useful content!
47,1007,Very useful content!
48,1007,When will you upload part 2?
49,1007,Super clear and simple
50,1007,Love this reel ❤️
51,1007,Too expensive course
52,1007,Audio quality is poor
53,1007,Very useful content!
54,1007,Can you make a video on this topic?
55,1008,Very useful content!
56,1008,"Great explanation, thank you!"
57,1008,Very useful content!
58,1008,Love this reel ❤️
59,1008,Not useful for beginners
60,1009,Very useful content!
61,1009,Amazing tutorial 🔥
62,1009,"Too fast, couldn't follow"
63,1009,Super clear and simple
64,1010,Please share the code
65,1010,Very useful content!
66,1010,Love this reel ❤️
67,1010,Amazing tutorial 🔥
68,1010,Which tool did you use?
69,1011,Very useful content!
70,1011,Amazing tutorial 🔥
71,1011,This helped me a lot
72,1011,"Great explanation, thank you!"
73,1011,Very useful content!
74,1011,Super clear and simple
75,1011,Please share the code
76,1012,Love this reel ❤️
77,1012,"Great explanation, thank you!"
78,1012,Too expensive course
79,1012,Which tool did you use?
80,1012,Please share the code
81,1012,Super clear and simple
82,1013,Amazing tutorial 🔥
83,1013,"Great explanation, thank you!"
84,1013,Audio quality is poor
85,1013,Very useful content!
86,1013,This helped me a lot
87,1013,"Great explanation, thank you!"
88,1013,Love this reel ❤️
89,1014,"Great explanation, thank you!"
90,1014,Please share the code
91,1014,Poor explanation
92,1014,Very useful content!
93,1015,Please share the code
94,1015,Too expensive course
95,1015,Love this reel ❤️
96,1015,Very useful content!
97,1015,Super clear and simple
98,1015,Amazing tutorial 🔥
99,1015,Poor explanation
100,1015,Can you make a video on this topic?
101,1015,This helped me a lot
102,1016,Not useful for beginners
103,1016,Not useful for beginners
104,1016,This helped me a lot
105,1016,Super clear and simple
106,1016,Super clear and simple
107,1017,Which tool did you use?
108,1017,Super clear and simple
109,1017,"Too fast, couldn't follow"
110,1017,Amazing tutorial 🔥
111,1017,"Great explanation, thank you!"
112,1018,Very useful content!
113,1018,Please share the code
114,1018,Love this reel ❤️
115,1018,Amazing tutorial 🔥
116,1018,Very useful content!
117,1018,Poor explanation
118,1018,Which tool did you use?
119,1019,Too expensive course
120,1019,Super clear and simple
121,1019,Amazing tutorial 🔥
122,1019,Love this reel ❤️
123,1019,Love this reel ❤️
124,1019,Please share the code
125,1019,"Great explanation, thank you!"
126,1019,When will you upload part 2?
127,1019,Which tool did you use?
128,1019,"Too fast, couldn't follow"
129,1019,"Great explanation, thank you!"
130,1020,This helped me a lot
131,1020,"Too fast, couldn't follow"
132,1020,Not useful for beginners
133,1020,Super clear and simple
134,1020,"Great explanation, thank you!"
135,1020,This helped me a lot
136,1020,When will you upload part 2?
137,1021,This helped me a lot
138,1021,Which tool did you use?
139,1021,Can you make a video on this topic?
140,1021,Super clear and simple
141,1021,Love this reel ❤️
142,1021,When will you upload part 2?
143,1022,Love this reel ❤️
144,1022,Can you make a video on this topic?
145,1022,Very useful content!
146,1022,Not useful for beginners
147,1022,This helped me a lot
148,1023,Very useful content!
149,1023,Can you make a video on this topic?
150,1023,Amazing tutorial 🔥
151,1023,This helped me a lot
152,1023,"Great explanation, thank you!"
153,1023,"Great explanation, thank you!"
154,1023,When will you upload part 2?
155,1023,This helped me a lot
156,1023,Amazing tutorial 🔥
157,1023,Can you make a video on this topic?
158,1023,Not useful for beginners
159,1024,This helped me a lot
160,1024,Super clear and simple
161,1024,Love this reel ❤️
162,1024,When will you upload part 2?
163,1024,Amazing tutorial 🔥
164,1024,Which tool did you use?
165,1025,This helped me a lot
166,1025,Too expensive course
167,1025,This helped me a lot
168,1025,Amazing tutorial 🔥
169,1025,Please share the code
170,1025,Very useful content!
171,1025,Super clear and simple
172,1026,Amazing tutorial 🔥
173,1026,Which tool did you use?
174,1026,Please share the code
175,1026,"Great explanation, thank you!"
176,1026,Which tool did you use?
177,1026,Super clear and simple
178,1026,Audio quality is poor
179,1026,Amazing tutorial 🔥
180,1027,Poor explanation
181,1027,"Great explanation, thank you!"
182,1027,When will you upload part 2?
183,1027,Which tool did you use?
184,1027,This helped me a lot
185,1027,Super clear and simple
186,1028,Amazing tutorial 🔥
187,1028,Which tool did you use?
188,1028,Can you make a video on this topic?
189,1029,Please share the code
190,1029,Audio quality is poor
191,1029,Love this reel ❤️
192,1029,Can you make a video on this topic?
193,1029,This helped me a lot
194,1029,"Great explanation, thank you!"
195,1029,Can you make a video on this topic?
196,1029,Audio quality is poor
197,1029,Can you make a video on this topic?
198,1029,Super clear and simple
199,1029,Too expensive course
200,1030,Amazing tutorial 🔥
201,1030,Very useful content!
202,1030,Super clear and simple
203,1030,Amazing tutorial 🔥
204,1030,Love this reel ❤️
205,1030,Super clear and simple
206,1030,"Great explanation, thank you!"
207,1030,Love this reel ❤️
208,1031,Audio quality is poor
209,1031,Amazing tutorial 🔥
210,1031,Too expensive course
211,1031,Super clear and simple
212,1031,Very useful content!
213,1032,Love this reel ❤️
214,1032,Very useful content!
215,1032,"Great explanation, thank you!"
216,1032,Love this reel ❤️
217,1032,Love this reel ❤️
218,1032,Very useful content!
219,1032,This helped me a lot
220,1032,Please share the code
221,1032,This helped me a lot
222,1032,Very useful content!
223,1033,"Great explanation, thank you!"
224,1033,Audio quality is poor
225,1033,Can you make a video on this topic?
226,1033,Very useful content!
227,1033,Can you make a video on this topic?
228,1033,"Great explanation, thank you!"
229,1033,Very useful content!
230,1033,Amazing tutorial 🔥
231,1033,Very useful content!
232,1033,Which tool did you use?
233,1033,Too expensive course
234,1034,"Great explanation, thank you!"
235,1034,Super clear and simple
236,1034,Audio quality is poor
237,1034,Too expensive course
238,1034,Love this reel ❤️
239,1034,This helped me a lot
240,1034,Love this reel ❤️
241,1034,Can you make a video on this topic?
242,1034,Very useful content!
243,1034,Love this reel ❤️
244,1034,Super clear and simple
245,1035,Super clear and simple
246,1035,Amazing tutorial 🔥
247,1035,When will you upload part 2?
248,1036,When will you upload part 2?
249,1036,Very useful content!
250,1036,This helped me a lot
251,1036,"Great explanation, thank you!"
252,1037,Can you make a video on this topic?
253,1037,When will you upload part 2?
254,1037,Super clear and simple
255,1037,Amazing tutorial 🔥
256,1037,Amazing tutorial 🔥
257,1037,Please share the code
258,1037,When will you upload part 2?
259,1037,Amazing tutorial 🔥
260,1037,Very useful content!
261,1037,Please share the code
262,1038,Which tool did you use?
263,1038,Can you make a video on this topic?
264,1038,This helped me a lot
265,1038,Very useful content!
266,1038,Love this reel ❤️
267,1038,Please share the code
268,1039,Very useful content!
269,1039,When will you upload part 2?
270,1039,Please share the code
271,1039,Very useful content!
272,1039,When will you upload part 2?
273,1039,When will you upload part 2?
274,1039,Not useful for beginners
275,1039,"Great explanation, thank you!"
276,1040,Very useful content!
277,1040,When will you upload part 2?
278,1040,Audio quality is poor
279,1040,Which tool did you use?
280,1040,Very useful content!
281,1040,Very useful content!
282,1040,Love this reel ❤️
283,1041,This helped me a lot
284,1041,Audio quality is poor
285,1041,"Too fast, couldn't follow"
286,1041,"Great explanation, thank you!"
287,1041,This helped me a lot
288,1042,Audio quality is poor
289,1042,Please share the code
290,1042,Can you make a video on this topic?
291,1042,Super clear and simple
292,1042,Can you make a video on this topic?
293,1042,Amazing tutorial 🔥
294,1042,Amazing tutorial 🔥
295,1042,Can you make a video on this topic?
296,1042,Which tool did you use?
297,1043,Super clear and simple
298,1043,Not useful for beginners
299,1043,This helped me a lot
300,1043,This helped me a lot
301,1043,Very useful content!
302,1043,"Great explanation, thank you!"
303,1043,Super clear and simple
304,1043,Super clear and simple
305,1043,Amazing tutorial 🔥
306,1043,Super clear and simple
307,1043,Poor explanation
308,1043,Super clear and simple
309,1044,Super clear and simple
310,1044,Please share the code
311,1044,Super clear and simple
312,1044,Can you make a video on this topic?
313,1044,When will you upload part 2?
314,1044,Love this reel ❤️
315,1044,This helped me a lot
316,1044,Not useful for beginners
317,1044,This helped me a lot
318,1044,"Great explanation, thank you!"
319,1044,"Too fast, couldn't follow"
320,1044,Amazing tutorial 🔥
321,1045,Love this reel ❤️
322,1045,This helped me a lot
323,1045,Please share the code
324,1045,This helped me a lot
325,1045,Very useful content!
326,1045,"Too fast, couldn't follow"
327,1045,This helped me a lot
328,1045,Amazing tutorial 🔥
329,1045,Very useful content!
330,1046,Audio quality is poor
331,1046,Poor explanation
332,1046,Super clear and simple
333,1046,"Great explanation, thank you!"
334,1046,Very useful content!
335,1046,Please share the code
336,1046,Amazing tutorial 🔥
337,1046,Super clear and simple
338,1046,Please share the code
339,1046,Super clear and simple
340,1046,"Great explanation, thank you!"
341,1046,Super clear and simple
342,1047,"Great explanation, thank you!"
343,1047,When will you upload part 2?
344,1047,Too expensive course
345,1047,Super clear and simple
346,1047,Please share the code
347,1047,Amazing tutorial 🔥
348,1047,Very useful content!
349,1048,Love this reel ❤️
350,1048,When will you upload part 2?
351,1048,When will you upload part 2?
352,1048,Poor explanation
353,1048,This helped me a lot
354,1048,Amazing tutorial 🔥
355,1048,Not useful for beginners
356,1048,"Too fast, couldn't follow"
357,1048,Very useful content!
358,1049,Poor explanation
359,1049,Amazing tutorial 🔥
360,1049,Can you make a video on this topic?
361,1049,Can you make a video on this topic?
362,1049,Can you make a video on this topic?
363,1049,Super clear and simple
364,1049,Which tool did you use?
365,1049,This helped me a lot
366,1049,Amazing tutorial 🔥
367,1049,Not useful for beginners
368,1049,"Great explanation, thank you!"
369,1050,Love this reel ❤️
370,1050,Amazing tutorial 🔥
371,1050,Which tool did you use?
372,1050,Which tool did you use?
373,1050,Can you make a video on this topic?
374,1050,Amazing tutorial 🔥
375,1050,Which tool did you use?
376,1051,Not useful for beginners
377,1051,Super clear and simple
378,1051,When will you upload part 2?
379,1051,Please share the code
380,1051,Super clear and simple
381,1052,Which tool did you use?
382,1052,Too expensive course
383,1052,When will you upload part 2?
384,1052,Love this reel ❤️
385,1052,Very useful content!
386,1052,Love this reel ❤️
387,1052,Audio quality is poor
388,1052,Very useful content!
389,1052,Which tool did you use?
390,1053,When will you upload part 2?
391,1053,This helped me a lot
392,1053,Super clear and simple
393,1053,Can you make a video on this topic?
394,1053,Please share the code
395,1053,Super clear and simple
396,1054,When will you upload part 2?
397,1054,Too expensive course
398,1054,Super clear and simple
399,1054,Amazing tutorial 🔥
400,1054,Super clear and simple
401,1054,Amazing tutorial 🔥
402,1054,Too expensive course
403,1055,Audio quality is poor
404,1055,Can you make a video on this topic?
405,1055,Can you make a video on this topic?
406,1055,Love this reel ❤️
407,1055,"Too fast, couldn't follow"
408,1055,Love this reel ❤️
409,1056,Very useful content!
410,1056,Amazing tutorial 🔥
411,1056,Love this reel ❤️
412,1056,"Great explanation, thank you!"
413,1056,This helped me a lot
414,1056,Can you make a video on this topic?
415,1056,"Great explanation, thank you!"
416,1056,Super clear and simple
417,1056,Which tool did you use?
418,1056,Amazing tutorial 🔥
419,1056,Very useful content!
420,1057,Love this reel ❤️
421,1057,Amazing tutorial 🔥
422,1057,Amazing tutorial 🔥
423,1057,Very useful content!
424,1057,Love this reel ❤️
425,1057,Which tool did you use?
426,1057,Love this reel ❤️
427,1057,Poor explanation
428,1058,Amazing tutorial 🔥
429,1058,When will you upload part 2?
430,1058,"Great explanation, thank you!"
431,1058,Super clear and simple
432,1058,Can you make a video on this topic?
433,1058,Audio quality is poor
434,1058,Very useful content!
435,1058,Amazing tutorial 🔥
436,1058,When will you upload part 2?
437,1058,Audio quality is poor
438,1058,Amazing tutorial 🔥
439,1059,"Great explanation, thank you!"
440,1059,Not useful for beginners
441,1059,Very useful content!
442,1059,Not useful for beginners
443,1059,Poor explanation
444,1059,Super clear and simple
445,1059,Super clear and simple
446,1059,Can you make a video on this topic?
447,1059,Too expensive course
448,1059,Can you make a video on this topic?
449,1060,Please share the code
450,1060,When will you upload part 2?
451,1060,Can you make a video on this topic?
452,1060,Super clear and simple
453,1060,Very useful content!
454,1060,Love this reel ❤️
455,1060,When will you upload part 2?
456,1060,Love this reel ❤️
457,1060,Too expensive course
458,1060,Super clear and simple
459,1060,"Great explanation, thank you!"
460,1061,Very useful content!
461,1061,Super clear and simple
462,1061,When will you upload part 2?
463,1062,Very useful content!
464,1062,Amazing tutorial 🔥
465,1062,Super clear and simple
466,1062,Very useful content!
467,1062,This helped me a lot
468,1062,Super clear and simple
469,1062,Love this reel ❤️
470,1062,Love this reel ❤️
471,1062,Which tool did you use?
472,1062,Not useful for beginners
473,1062,Super clear and simple
474,1062,When will you upload part 2?
475,1063,Not useful for beginners
476,1063,Very useful content!
477,1063,This helped me a lot
478,1063,Very useful content!
479,1063,Super clear and simple
480,1063,Which tool did you use?
481,1063,Super clear and simple
482,1063,Not useful for beginners
483,1063,Love this reel ❤️
484,1063,Which tool did you use?
485,1063,Love this reel ❤️
486,1064,Poor explanation
487,1064,Amazing tutorial 🔥
488,1064,Super clear and simple
489,1064,Very useful content!
490,1064,Amazing tutorial 🔥
491,1064,"Great explanation, thank you!"
492,1064,Super clear and simple
493,1064,When will you upload part 2?
494,1064,Very useful content!
495,1064,Audio quality is poor
496,1064,"Great explanation, thank you!"
497,1064,Which tool did you use?
498,1065,Amazing tutorial 🔥
499,1065,"Great explanation, thank you!"
500,1065,Not useful for beginners
501,1065,Love this reel ❤️
502,1065,Please share the code
503,1065,"Great explanation, thank you!"
504,1065,Super clear and simple
505,1065,This helped me a lot
506,1065,"Great explanation, thank you!"
507,1065,Please share the code
508,1065,Love this reel ❤️
509,1065,When will you upload part 2?
510,1066,Not useful for beginners
511,1066,Not useful for beginners
512,1066,Super clear and simple
513,1066,Very useful content!
514,1066,Poor explanation
515,1066,Please share the code
516,1066,Can you make a video on this topic?
517,1067,Amazing tutorial 🔥
518,1067,Poor explanation
519,1067,Love this reel ❤️
520,1068,Amazing tutorial 🔥
521,1068,Which tool did you use?
522,1068,Amazing tutorial 🔥
523,1068,This helped me a lot
524,1068,Very useful content!
525,1068,Can you make a video on this topic?
526,1068,Can you make a video on this topic?
527,1068,Love this reel ❤️
528,1069,Not useful for beginners
529,1069,Please share the code
530,1069,"Too fast, couldn't follow"
531,1069,This helped me a lot
532,1069,"Great explanation, thank you!"
533,1069,Very useful content!
534,1069,Which tool did you use?
535,1069,This helped me a lot
536,1069,"Too fast, couldn't follow"
537,1069,Audio quality is poor
538,1069,Amazing tutorial 🔥
539,1069,Which tool did you use?
540,1070,Amazing tutorial 🔥
541,1070,Super clear and simple
542,1070,Amazing tutorial 🔥
543,1070,When will you upload part 2?
544,1070,This helped me a lot
545,1070,Not useful for beginners
546,1070,"Great explanation, thank you!"
547,1071,This helped me a lot
548,1071,"Too fast, couldn't follow"
549,1071,Love this reel ❤️
550,1071,Love this reel ❤️
551,1071,Super clear and simple
552,1071,Love this reel ❤️
553,1071,"Great explanation, thank you!"
554,1071,When will you upload part 2?
555,1072,"Great explanation, thank you!"
556,1072,Please share the code
557,1072,Please share the code
558,1072,Love this reel ❤️
559,1072,Please share the code
560,1072,Very useful content!
561,1073,Love this reel ❤️
562,1073,Amazing tutorial 🔥
563,1073,Amazing tutorial 🔥
564,1073,Love this reel ❤️
565,1073,Love this reel ❤️
566,1074,Poor explanation
567,1074,"Too fast, couldn't follow"
568,1074,Audio quality is poor
569,1074,Not useful for beginners
570,1074,This helped me a lot
571,1074,Not useful for beginners
572,1074,This helped me a lot
573,1074,Can you make a video on this topic?
574,1074,Which tool did you use?
575,1074,Super clear and simple
576,1074,This helped me a lot
577,1075,Love this reel ❤️
578,1075,Love this reel ❤️
579,1075,Love this reel ❤️
580,1075,Amazing tutorial 🔥
581,1075,Can you make a video on this topic?
582,1075,Can you make a video on this topic?
583,1075,Amazing tutorial 🔥
584,1075,Amazing tutorial 🔥
585,1075,Very useful content!
586,1075,Super clear and simple
587,1075,Amazing tutorial 🔥
588,1075,Very useful content!
589,1076,"Great explanation, thank you!"
590,1076,Poor explanation
591,1076,This helped me a lot
592,1076,Please share the code
593,1076,Super clear and simple
594,1076,Poor explanation
595,1076,Love this reel ❤️
596,1076,Love this reel ❤️
597,1076,"Too fast, couldn't follow"
598,1077,Amazing tutorial 🔥
599,1077,Love this reel ❤️
600,1077,Super clear and simple
601,1077,When will you upload part 2?
602,1077,This helped me a lot
603,1077,Which tool did you use?
604,1077,Very useful content!
605,1078,Amazing tutorial 🔥
606,1078,Amazing tutorial 🔥
607,1078,"Great explanation, thank you!"
608,1078,Please share the code
609,1078,Please share the code
610,1079,Please share the code
611,1079,Amazing tutorial 🔥
612,1079,"Great explanation, thank you!"
613,1079,Poor explanation
614,1079,Super clear and simple
615,1079,Love this reel ❤️
616,1079,"Too fast, couldn't follow"
617,1079,Please share the code
618,1079,Can you make a video on this topic?
619,1079,Amazing tutorial 🔥
620,1079,"Great explanation, thank you!"
621,1080,When will you upload part 2?
622,1080,Super clear and simple
623,1080,Very useful content!
624,1080,Please share the code
625,1080,Too expensive course
626,1080,"Great explanation, thank you!"
627,1080,Very useful content!
628,1080,Please share the code
629,1080,Too expensive course
630,1080,Which tool did you use?
631,1080,When will you upload part 2?
632,1081,Please share the code
633,1081,Super clear and simple
634,1081,Poor explanation
635,1081,Very useful content!
636,1081,Can you make a video on this topic?
637,1082,Very useful content!
638,1082,Super clear and simple
639,1082,Love this reel ❤️
640,1082,"Great explanation, thank you!"
641,1082,Which tool did you use?
642,1082,Please share the code
643,1082,Amazing tutorial 🔥
644,1082,Super clear and simple
645,1082,Very useful content!
646,1082,Super clear and simple
647,1082,Which tool did you use?
648,1082,"Great explanation, thank you!"
649,1083,Can you make a video on this topic?
650,1083,This helped me a lot
651,1083,"Great explanation, thank you!"
652,1083,Amazing tutorial 🔥
653,1083,Very useful content!
654,1083,"Great explanation, thank you!"
655,1084,Which tool did you use?
656,1084,Poor explanation
657,1084,This helped me a lot
658,1084,Poor explanation
659,1085,Which tool did you use?
660,1085,Too expensive course
661,1085,When will you upload part 2?
662,1085,"Great explanation, thank you!"
663,1085,Super clear and simple
664,1085,Can you make a video on this topic?
665,1085,Can you make a video on this topic?
666,1085,Please share the code
667,1085,Poor explanation
668,1085,Super clear and simple
669,1086,Very useful content!
670,1086,Super clear and simple
671,1086,When will you upload part 2?
672,1086,Love this reel ❤️
673,1086,"Great explanation, thank you!"
674,1086,Amazing tutorial 🔥
675,1086,Super clear and simple
676,1087,Love this reel ❤️
677,1087,Love this reel ❤️
678,1087,Not useful for beginners
679,1087,Love this reel ❤️
680,1087,Which tool did you use?
681,1087,Very useful content!
682,1088,Too expensive course
683,1088,When will you upload part 2?
684,1088,Which tool did you use?
685,1088,Please share the code
686,1089,Too expensive course
687,1089,Amazing tutorial 🔥
688,1089,Love this reel ❤️
689,1089,Can you make a video on this topic?
690,1089,This helped me a lot
691,1089,Amazing tutorial 🔥
692,1089,"Great explanation, thank you!"
693,1089,Super clear and simple
694,1089,Please share the code
695,1089,Poor explanation
696,1089,Super clear and simple
697,1089,Super clear and simple
698,1090,Very useful content!
699,1090,Amazing tutorial 🔥
700,1090,Not useful for beginners
701,1090,Love this reel ❤️
702,1090,Amazing tutorial 🔥
703,1090,Love this reel ❤️
704,1091,This helped me a lot
705,1091,Which tool did you use?
706,1091,This helped me a lot
707,1091,Love this reel ❤️
708,1091,Amazing tutorial 🔥
709,1091,When will you upload part 2?
710,1091,Can you make a video on this topic?
711,1091,This helped me a lot
712,1091,Super clear and simple
713,1091,Very useful content!
714,1092,Love this reel ❤️
715,1092,Poor explanation
716,1092,"Great explanation, thank you!"
717,1092,Which tool did you use?
718,1092,Amazing tutorial 🔥
719,1093,Super clear and simple
720,1093,Love this reel ❤️
721,1093,Please share the code
722,1094,"Great explanation, thank you!"
723,1094,"Great explanation, thank you!"
724,1094,"Great explanation, thank you!"
725,1094,This helped me a lot
726,1095,Super clear and simple
727,1095,Not useful for beginners
728,1095,Super clear and simple
729,1095,Can you make a video on this topic?
730,1096,Super clear and simple
731,1096,Super clear and simple
732,1096,Very useful content!
733,1096,"Great explanation, thank you!"
734,1096,Love this reel ❤️
735,1096,Audio quality is poor
736,1096,Amazing tutorial 🔥
737,1097,Very useful content!
738,1097,"Great explanation, thank you!"
739,1097,"Great explanation, thank you!"
740,1097,Which tool did you use?
741,1097,Please share the code
742,1097,This helped me a lot
743,1097,Which tool did you use?
744,1097,Please share the code
745,1097,Love this reel ❤️
746,1097,Not useful for beginners
747,1097,Which tool did you use?
748,1097,"Too fast, couldn't follow"
749,1098,Very useful content!
750,1098,This helped me a lot
751,1098,Very useful content!
752,1098,When will you upload part 2?
753,1098,Amazing tutorial 🔥
754,1098,Super clear and simple
755,1099,Love this reel ❤️
756,1099,Please share the code
757,1099,Can you make a video on this topic?
758,1099,Love this reel ❤️
759,1099,Super clear and simple
760,1099,"Great explanation, thank you!"
761,1099,Too expensive course
762,1099,Poor explanation
763,1099,Poor explanation
764,1100,Super clear and simple
765,1100,Amazing tutorial 🔥
766,1100,Super clear and simple
767,1100,Please share the code
768,1100,Super clear and simple
769,1100,"Great explanation, thank you!"
770,1100,Love this reel ❤️
771,1100,Please share the code
772,1100,This helped me a lot
773,1100,"Great explanation, thank you!"
774,1101,Love this reel ❤️
775,1101,This helped me a lot
776,1101,Super clear and simple
777,1102,Too expensive course
778,1102,This helped me a lot
779,1102,Can you make a video on this topic?
780,1102,Which tool did you use?
781,1102,Amazing tutorial 🔥
782,1102,Love this reel ❤️
783,1102,Super clear and simple
784,1102,Please share the code
785,1102,Very useful content!
786,1102,Love this reel ❤️
787,1103,Which tool did you use?
788,1103,Super clear and simple
789,1103,"Great explanation, thank you!"
790,1103,Very useful content!
791,1103,"Great explanation, thank you!"
792,1103,This helped me a lot
793,1103,Which tool did you use?
794,1103,Please share the code
795,1103,Very useful content!
796,1103,Amazing tutorial 🔥
797,1103,Very useful content!
798,1104,Super clear and simple
799,1104,Very useful content!
800,1104,Love this reel ❤️
801,1104,Love this reel ❤️
802,1104,"Great explanation, thank you!"
803,1104,Please share the code
804,1104,Too expensive course
805,1105,Love this reel ❤️
806,1105,This helped me a lot
807,1105,This helped me a lot
808,1106,"Great explanation, thank you!"
809,1106,When will you upload part 2?
810,1106,Super clear and simple
811,1106,This helped me a lot
812,1106,Very useful content!
813,1107,Very useful content!
814,1107,Love this reel ❤️
815,1107,Super clear and simple
816,1107,Audio quality is poor
817,1107,Super clear and simple
818,1107,Amazing tutorial 🔥
819,1108,This helped me a lot
820,1108,Can you make a video on this topic?
821,1108,Very useful content!
822,1108,Not useful for beginners
823,1108,Not useful for beginners
824,1108,Which tool did you use?
825,1108,"Great explanation, thank you!"
826,1108,This helped me a lot
827,1108,When will you upload part 2?
828,1108,Poor explanation
829,1108,Please share the code
830,1109,Very useful content!
831,1109,This helped me a lot
832,1109,Amazing tutorial 🔥
833,1109,Super clear and simple
834,1109,"Great explanation, thank you!"
835,1109,When will you upload part 2?
836,1109,Love this reel ❤️
837,1109,Amazing tutorial 🔥
838,1109,Which tool did you use?
839,1109,Please share the code
840,1109,When will you upload part 2?
841,1109,Which tool did you use?
842,1110,Very useful content!
843,1110,This helped me a lot
844,1110,Amazing tutorial 🔥
845,1110,Can you make a video on this topic?
846,1110,Amazing tutorial 🔥
847,1111,This helped me a lot
848,1111,Amazing tutorial 🔥
849,1111,Poor explanation
850,1111,Amazing tutorial 🔥
851,1111,"Great explanation, thank you!"
852,1111,Which tool did you use?
853,1111,Super clear and simple
854,1111,Super clear and simple
855,1112,Poor explanation
856,1112,Poor explanation
857,1112,Super clear and simple
858,1112,Amazing tutorial 🔥
859,1112,Can you make a video on this topic?
860,1113,Can you make a video on this topic?
861,1113,Which tool did you use?
862,1113,"Great explanation, thank you!"
863,1113,Amazing tutorial 🔥
864,1113,When will you upload part 2?
865,1113,Can you make a video on this topic?
866,1113,Very useful content!
867,1113,This helped me a lot
868,1113,Very useful content!
869,1113,This helped me a lot
870,1113,Which tool did you use?
871,1114,Amazing tutorial 🔥
872,1114,When will you upload part 2?
873,1114,Not useful for beginners
874,1115,"Too fast, couldn't follow"
875,1115,Super clear and simple
876,1115,Amazing tutorial 🔥
877,1115,Please share the code
878,1115,When will you upload part 2?
879,1115,Which tool did you use?
880,1115,Super clear and simple
881,1115,"Great explanation, thank you!"
882,1115,Love this reel ❤️
883,1115,"Too fast, couldn't follow"
884,1116,Please share the code
885,1116,Amazing tutorial 🔥
886,1116,Can you make a video on this topic?
887,1116,Amazing tutorial 🔥
888,1117,Which tool did you use?
889,1117,Please share the code
890,1117,Not useful for beginners
891,1117,Please share the code
892,1117,Super clear and simple
893,1117,Amazing tutorial 🔥
894,1117,"Great explanation, thank you!"
895,1117,Poor explanation
896,1117,Audio quality is poor
897,1118,Super clear and simple
898,1118,Super clear and simple
899,1118,Love this reel ❤️
900,1118,Love this reel ❤️
901,1118,Amazing tutorial 🔥
902,1118,Audio quality is poor
903,1118,This helped me a lot
904,1118,This helped me a lot
905,1119,Which tool did you use?
906,1119,Amazing tutorial 🔥
907,1119,"Great explanation, thank you!"
908,1120,Love this reel ❤️
909,1120,"Great explanation, thank you!"
910,1120,Super clear and simple
911,1121,Poor explanation
912,1121,Amazing tutorial 🔥
913,1121,Very useful content!
914,1121,Love this reel ❤️
915,1121,"Great explanation, thank you!"
916,1121,Not useful for beginners
917,1121,"Great explanation, thank you!"
918,1122,Amazing tutorial 🔥
919,1122,"Too fast, couldn't follow"
920,1122,Please share the code
921,1122,Super clear and simple
922,1123,When will you upload part 2?
923,1123,"Great explanation, thank you!"
924,1123,Amazing tutorial 🔥
925,1123,Very useful content!
926,1123,Audio quality is poor
927,1123,This helped me a lot
928,1123,Very useful content!
929,1123,Not useful for beginners
930,1123,When will you upload part 2?
931,1123,Please share the code
932,1123,Amazing tutorial 🔥
933,1123,Amazing tutorial 🔥
934,1124,Amazing tutorial 🔥
935,1124,Can you make a video on this topic?
936,1124,Super clear and simple
937,1124,Too expensive course
938,1124,When will you upload part 2?
939,1124,"Great explanation, thank you!"
940,1124,Can you make a video on this topic?
941,1124,Very useful content!
942,1124,Super clear and simple
943,1124,This helped me a lot
944,1124,This helped me a lot
945,1124,Super clear and simple
946,1125,Please share the code
947,1125,This helped me a lot
948,1125,Amazing tutorial 🔥
949,1125,Amazing tutorial 🔥
950,1125,Poor explanation
951,1126,"Great explanation, thank you!"
952,1126,Which tool did you use?
953,1126,When will you upload part 2?
954,1126,This helped me a lot
955,1126,"Great explanation, thank you!"
956,1126,"Great explanation, thank you!"
957,1127,Which tool did you use?
958,1127,"Great explanation, thank you!"
959,1127,Please share the code
960,1127,Please share the code
961,1127,Love this reel ❤️
962,1127,"Great explanation, thank you!"
963,1127,Super clear and simple
964,1127,"Too fast, couldn't follow"
965,1127,Can you make a video on this topic?
966,1127,Not useful for beginners
967,1127,Audio quality is poor
968,1127,Super clear and simple
969,1128,This helped me a lot
970,1128,Love this reel ❤️
971,1128,Can you make a video on this topic?
972,1128,Amazing tutorial 🔥
973,1129,Amazing tutorial 🔥
974,1129,Can you make a video on this topic?
975,1129,When will you upload part 2?
976,1129,Super clear and simple
977,1129,"Great explanation, thank you!"
978,1129,"Great explanation, thank you!"
979,1129,Super clear and simple
980,1130,This helped me a lot
981,1130,When will you upload part 2?
982,1130,Super clear and simple
983,1130,Super clear and simple
984,1130,Very useful content!
985,1130,Super clear and simple
986,1130,This helped me a lot
987,1130,Super clear and simple
988,1130,"Great explanation, thank you!"
989,1130,Amazing tutorial 🔥
990,1130,Love this reel ❤️
991,1130,This helped me a lot
992,1131,"Too fast, couldn't follow"
993,1131,Amazing tutorial 🔥
994,1131,This helped me a lot
995,1131,Love this reel ❤️
996,1131,Super clear and simple
997,1131,Super clear and simple
998,1131,Amazing tutorial 🔥
999,1131,Very useful content!
1000,1131,Please share the code
1001,1131,"Too fast, couldn't follow"
1002,1131,Audio quality is poor
1003,1132,This helped me a lot
1004,1132,When will you upload part 2?
1005,1132,Can you make a video on this topic?
1006,1132,Amazing tutorial 🔥
1007,1132,"Great explanation, thank you!"
1008,1132,Audio quality is poor
1009,1133,Love this reel ❤️
1010,1133,Can you make a video on this topic?
1011,1133,Audio quality is poor
1012,1133,Can you make a video on this topic?
1013,1133,Love this reel ❤️
1014,1133,Can you make a video on this topic?
1015,1133,Amazing tutorial 🔥
1016,1133,Super clear and simple
1017,1133,"Great explanation, thank you!"
1018,1133,Can you make a video on this topic?
1019,1134,Please share the code
1020,1134,Audio quality is poor
1021,1134,Super clear and simple
1022,1135,Love this reel ❤️
1023,1135,Love this reel ❤️
1024,1135,Amazing tutorial 🔥
1025,1135,Can you make a video on this topic?
1026,1135,Love this reel ❤️
1027,1135,Which tool did you use?
1028,1135,This helped me a lot
1029,1136,Amazing tutorial 🔥
1030,1136,Super clear and simple
1031,1136,This helped me a lot
1032,1136,Love this reel ❤️
1033,1136,Love this reel ❤️
1034,1137,Very useful content!
1035,1137,Too expensive course
1036,1137,Super clear and simple
1037,1138,When will you upload part 2?
1038,1138,This helped me a lot
1039,1138,Too expensive course
1040,1138,Please share the code
1041,1138,Too expensive course
1042,1138,Very useful content!
1043,1139,Please share the code
1044,1139,Please share the code
1045,1139,When will you upload part 2?
1046,1139,This helped me a lot
1047,1139,Very useful content!
1048,1139,Not useful for beginners
1049,1139,This helped me a lot
1050,1139,"Too fast, couldn't follow"
1051,1139,Amazing tutorial 🔥
1052,1139,When will you upload part 2?
1053,1139,This helped me a lot
1054,1139,"Great explanation, thank you!"
1055,1140,This helped me a lot
1056,1140,Very useful content!
1057,1140,Can you make a video on this topic?
1058,1140,Super clear and simple
1059,1140,Super clear and simple
1060,1140,Love this reel ❤️
1061,1140,Can you make a video on this topic?
1062,1141,This helped me a lot
1063,1141,This helped me a lot
1064,1141,Super clear and simple
1065,1141,Too expensive course
1066,1141,"Great explanation, thank you!"
1067,1141,Can you make a video on this topic?
1068,1141,When will you upload part 2?
1069,1141,Super clear and simple
1070,1141,"Great explanation, thank you!"
1071,1142,This helped me a lot
1072,1142,Can you make a video on this topic?
1073,1142,This helped me a lot
1074,1142,Love this reel ❤️
1075,1143,Super clear and simple
1076,1143,Not useful for beginners
1077,1143,Not useful for beginners
1078,1143,When will you upload part 2?
1079,1143,"Great explanation, thank you!"
1080,1143,Please share the code
1081,1143,Love this reel ❤️
1082,1143,Love this reel ❤️
1083,1144,"Great explanation, thank you!"
1084,1144,This helped me a lot
1085,1144,Poor explanation
1086,1144,Please share the code
1087,1144,Amazing tutorial 🔥
1088,1144,Please share the code
1089,1145,Amazing tutorial 🔥
1090,1145,Can you make a video on this topic?
1091,1145,Audio quality is poor
1092,1145,Can you make a video on this topic?
1093,1145,Love this reel ❤️
1094,1145,"Great explanation, thank you!"
1095,1145,Very useful content!
1096,1145,Which tool did you use?
1097,1145,Very useful content!
1098,1146,Love this reel ❤️
1099,1146,"Great explanation, thank you!"
1100,1146,Can you make a video on this topic?
1101,1147,Which tool did you use?
1102,1147,"Too fast, couldn't follow"
1103,1147,Which tool did you use?
1104,1147,This helped me a lot
1105,1147,Please share the code
1106,1147,When will you upload part 2?
1107,1147,Love this reel ❤️
1108,1147,"Great explanation, thank you!"
1109,1147,This helped me a lot
1110,1147,Super clear and simple
1111,1148,When will you upload part 2?
1112,1148,Super clear and simple
1113,1148,Very useful content!
1114,1148,Super clear and simple
1115,1148,Which tool did you use?
1116,1148,"Great explanation, thank you!"
1117,1149,Amazing tutorial 🔥
1118,1149,Love this reel ❤️
1119,1149,Please share the code
1120,1149,Super clear and simple
1121,1149,Love this reel ❤️
1122,1149,Not useful for beginners
1123,1149,Can you make a video on this topic?
1124,1150,This helped me a lot
1125,1150,When will you upload part 2?
1126,1150,Can you make a video on this topic?
1127,1151,Too expensive course
1128,1151,"Great explanation, thank you!"
1129,1151,Super clear and simple
1130,1151,Super clear and simple
1131,1151,"Great explanation, thank you!"
1132,1151,Very useful content!
1133,1151,Amazing tutorial 🔥
1134,1151,Very useful content!
1135,1151,"Great explanation, thank you!"
1136,1151,Super clear and simple
1137,1151,Very useful content!
1138,1151,Can you make a video on this topic?
1139,1152,Please share the code
1140,1152,"Too fast, couldn't follow"
1141,1152,Please share the code
1142,1152,This helped me a lot
1143,1152,Poor explanation
1144,1152,Too expensive course
1145,1152,Please share the code
1146,1152,"Too fast, couldn't follow"
1147,1153,Super clear and simple
1148,1153,When will you upload part 2?
1149,1153,Super clear and simple
1150,1153,"Great explanation, thank you!"
1151,1153,Love this reel ❤️
1152,1153,Very useful content!
1153,1153,This helped me a lot
1154,1153,Can you make a video on this topic?
1155,1153,This helped me a lot
1156,1153,Very useful content!
1157,1153,Audio quality is poor
1158,1154,Which tool did you use?
1159,1154,This helped me a lot
1160,1154,Audio quality is poor
1161,1154,"Great explanation, thank you!"
1162,1154,"Great explanation, thank you!"
1163,1154,"Great explanation, thank you!"
1164,1154,Can you make a video on this topic?
1165,1154,Too expensive course
1166,1155,This helped me a lot
1167,1155,Not useful for beginners
1168,1155,This helped me a lot
1169,1155,Which tool did you use?
1170,1155,Can you make a video on this topic?
1171,1155,When will you upload part 2?
1172,1155,Can you make a video on this topic?
1173,1155,Very useful content!
1174,1155,Super clear and simple
1175,1155,"Too fast, couldn't follow"
1176,1155,Very useful content!
1177,1156,Audio quality is poor
1178,1156,Very useful content!
1179,1156,Super clear and simple
1180,1156,When will you upload part 2?
1181,1156,"Great explanation, thank you!"
1182,1156,Can you make a video on this topic?
1183,1156,Love this reel ❤️
1184,1156,Amazing tutorial 🔥
1185,1156,This helped me a lot
1186,1156,Which tool did you use?
1187,1156,"Great explanation, thank you!"
1188,1156,Amazing tutorial 🔥
1189,1157,Love this reel ❤️
1190,1157,Amazing tutorial 🔥
1191,1157,Love this reel ❤️
1192,1157,Audio quality is poor
1193,1157,Love this reel ❤️
1194,1157,Amazing tutorial 🔥
1195,1157,Poor explanation
1196,1157,Love this reel ❤️
1197,1157,Super clear and simple
1198,1157,This helped me a lot
1199,1157,This helped me a lot
1200,1158,Amazing tutorial 🔥
1201,1158,Too expensive course
1202,1158,Which tool did you use?
1203,1158,Love this reel ❤️
1204,1158,When will you upload part 2?
1205,1158,Too expensive course
1206,1158,Very useful content!
1207,1158,Please share the code
1208,1158,"Great explanation, thank you!"
1209,1159,Love this reel ❤️
1210,1159,Amazing tutorial 🔥
1211,1159,"Great explanation, thank you!"
1212,1159,Super clear and simple
1213,1159,Audio quality is poor
1214,1159,Which tool did you use?
1215,1159,Very useful content!
1216,1159,Very useful content!
1217,1159,This helped me a lot
1218,1159,Which tool did you use?
1219,1160,Can you make a video on this topic?
1220,1160,This helped me a lot
1221,1160,When will you upload part 2?
1222,1160,Super clear and simple
1223,1160,"Great explanation, thank you!"
1224,1160,This helped me a lot
1225,1160,Love this reel ❤️
1226,1160,Can you make a video on this topic?
1227,1161,"Great explanation, thank you!"
1228,1161,Super clear and simple
1229,1161,This helped me a lot
1230,1161,"Great explanation, thank you!"
1231,1161,Love this reel ❤️
1232,1161,Super clear and simple
1233,1161,Super clear and simple
1234,1161,This helped me a lot
1235,1161,Amazing tutorial 🔥
1236,1161,Amazing tutorial 🔥
1237,1162,Can you make a video on this topic?
1238,1162,This helped me a lot
1239,1162,Very useful content!
1240,1162,Please share the code
1241,1163,Super clear and simple
1242,1163,Love this reel ❤️
1243,1163,When will you upload part 2?
1244,1163,Can you make a video on this topic?
1245,1163,"Great explanation, thank you!"
1246,1163,Amazing tutorial 🔥
1247,1163,Love this reel ❤️
1248,1163,Which tool did you use?
1249,1164,Super clear and simple
1250,1164,This helped me a lot
1251,1164,Which tool did you use?
1252,1164,Poor explanation
1253,1164,Amazing tutorial 🔥
1254,1164,Love this reel ❤️
1255,1164,"Too fast, couldn't follow"
1256,1165,"Too fast, couldn't follow"
1257,1165,Amazing tutorial 🔥
1258,1165,Which tool did you use?
1259,1165,"Great explanation, thank you!"
1260,1165,Not useful for beginners
1261,1165,Amazing tutorial 🔥
1262,1165,"Great explanation, thank you!"
1263,1165,Please share the code
1264,1166,Love this reel ❤️
1265,1166,Please share the code
1266,1166,Amazing tutorial 🔥
1267,1166,"Great explanation, thank you!"
1268,1166,Can you make a video on this topic?
1269,1166,Super clear and simple
1270,1166,Very useful content!
1271,1166,Very useful content!
1272,1166,This helped me a lot
1273,1167,Not useful for beginners
1274,1167,Super clear and simple
1275,1167,Please share the code
1276,1167,Poor explanation
1277,1167,Poor explanation
1278,1167,Amazing tutorial 🔥
1279,1167,This helped me a lot
1280,1167,Love this reel ❤️
1281,1167,Amazing tutorial 🔥
1282,1168,Super clear and simple
1283,1168,Amazing tutorial 🔥
1284,1168,Amazing tutorial 🔥
1285,1169,Very useful content!
1286,1169,Super clear and simple
1287,1169,Amazing tutorial 🔥
1288,1169,Super clear and simple
1289,1169,Super clear and simple
1290,1169,Which tool did you use?
1291,1169,Very useful content!
1292,1169,Amazing tutorial 🔥
1293,1169,This helped me a lot
1294,1169,When will you upload part 2?
1295,1169,Which tool did you use?
1296,1169,Which tool did you use?
1297,1170,Please share the code
1298,1170,This helped me a lot
1299,1170,"Great explanation, thank you!"
1300,1170,"Great explanation, thank you!"
1301,1170,Very useful content!
1302,1170,Which tool did you use?
1303,1170,Which tool did you use?
1304,1170,This helped me a lot
1305,1170,Amazing tutorial 🔥
1306,1170,"Great explanation, thank you!"
1307,1170,When will you upload part 2?
1308,1171,Love this reel ❤️
1309,1171,"Great explanation, thank you!"
1310,1171,Amazing tutorial 🔥
1311,1171,"Great explanation, thank you!"
1312,1171,Very useful content!
1313,1171,Can you make a video on this topic?
1314,1171,Which tool did you use?
1315,1172,Super clear and simple
1316,1172,Love this reel ❤️
1317,1172,When will you upload part 2?
1318,1172,Very useful content!
1319,1172,Poor explanation
1320,1173,Please share the code
1321,1173,Can you make a video on this topic?
1322,1173,Can you make a video on this topic?
1323,1173,Super clear and simple
1324,1173,When will you upload part 2?
1325,1174,When will you upload part 2?
1326,1174,This helped me a lot
1327,1174,"Great explanation, thank you!"
1328,1174,Amazing tutorial 🔥
1329,1174,Super clear and simple
1330,1174,Please share the code
1331,1174,Amazing tutorial 🔥
1332,1175,This helped me a lot
1333,1175,"Great explanation, thank you!"
1334,1175,"Too fast, couldn't follow"
1335,1175,Amazing tutorial 🔥
1336,1175,Please share the code
1337,1175,Which tool did you use?
1338,1175,"Great explanation, thank you!"
1339,1175,Which tool did you use?
1340,1175,Please share the code
1341,1176,Can you make a video on this topic?
1342,1176,Can you make a video on this topic?
1343,1176,Super clear and simple
1344,1176,Can you make a video on this topic?
1345,1176,Very useful content!
1346,1176,When will you upload part 2?
1347,1176,Very useful content!
1348,1176,Super clear and simple
1349,1176,Love this reel ❤️
1350,1176,Which tool did you use?
1351,1177,Amazing tutorial 🔥
1352,1177,Amazing tutorial 🔥
1353,1177,Can you make a video on this topic?
1354,1177,"Too fast, couldn't follow"
1355,1177,When will you upload part 2?
1356,1177,Amazing tutorial 🔥
1357,1178,Super clear and simple
1358,1178,Love this reel ❤️
1359,1178,Not useful for beginners
1360,1178,This helped me a lot
1361,1178,When will you upload part 2?
1362,1179,Audio quality is poor
1363,1179,Which tool did you use?
1364,1179,Very useful content!
1365,1179,Very useful content!
1366,1179,"Great explanation, thank you!"
1367,1179,Audio quality is poor
1368,1179,Audio quality is poor
1369,1179,Very useful content!
1370,1179,Love this reel ❤️
1371,1179,Can you make a video on this topic?
1372,1180,Amazing tutorial 🔥
1373,1180,Can you make a video on this topic?
1374,1180,When will you upload part 2?
1375,1180,Audio quality is poor
1376,1180,Very useful content!
1377,1180,Super clear and simple
1378,1180,This helped me a lot
1379,1180,This helped me a lot
1380,1180,Super clear and simple
1381,1180,Very useful content!
1382,1181,Super clear and simple
1383,1181,This helped me a lot
1384,1181,Amazing tutorial 🔥
1385,1181,Please share the code
1386,1181,This helped me a lot
1387,1181,When will you upload part 2?
1388,1181,Very useful content!
1389,1181,Super clear and simple
1390,1181,Please share the code
1391,1182,"Great explanation, thank you!"
1392,1182,"Great explanation, thank you!"
1393,1182,Super clear and simple
1394,1182,"Too fast, couldn't follow"
1395,1183,"Great explanation, thank you!"
1396,1183,This helped me a lot
1397,1183,Which tool did you use?
1398,1183,Can you make a video on this topic?
1399,1183,This helped me a lot
1400,1183,Which tool did you use?
1401,1183,When will you upload part 2?
1402,1183,Which tool did you use?
1403,1184,Super clear and simple
1404,1184,Love this reel ❤️
1405,1184,Love this reel ❤️
1406,1184,Amazing tutorial 🔥
1407,1184,This helped me a lot
1408,1184,Amazing tutorial 🔥
1409,1184,Please share the code
1410,1184,This helped me a lot
1411,1184,"Too fast, couldn't follow"
1412,1184,Very useful content!
1413,1185,When will you upload part 2?
1414,1185,Love this reel ❤️
1415,1185,Please share the code
1416,1185,Poor explanation
1417,1185,Amazing tutorial 🔥
1418,1185,Very useful content!
1419,1185,Love this reel ❤️
1420,1185,Very useful content!
1421,1186,Poor explanation
1422,1186,Super clear and simple
1423,1186,When will you upload part 2?
1424,1186,Very useful content!
1425,1186,"Too fast, couldn't follow"
1426,1186,Love this reel ❤️
1427,1186,When will you upload part 2?
1428,1186,When will you upload part 2?
1429,1186,Amazing tutorial 🔥
1430,1186,Can you make a video on this topic?
1431,1187,Please share the code
1432,1187,Super clear and simple
1433,1187,Which tool did you use?
1434,1187,Super clear and simple
1435,1188,"Great explanation, thank you!"
1436,1188,Can you make a video on this topic?
1437,1188,Can you make a video on this topic?
1438,1188,Very useful content!
1439,1188,This helped me a lot
1440,1188,"Great explanation, thank you!"
1441,1188,This helped me a lot
1442,1188,Amazing tutorial 🔥
1443,1188,Very useful content!
1444,1188,Please share the code
1445,1188,When will you upload part 2?
1446,1188,"Too fast, couldn't follow"
1447,1189,Very useful content!
1448,1189,Which tool did you use?
1449,1189,This helped me a lot
1450,1190,Super clear and simple
1451,1190,This helped me a lot
1452,1190,Love this reel ❤️
1453,1190,When will you upload part 2?
1454,1190,Super clear and simple
1455,1191,When will you upload part 2?
1456,1191,Which tool did you use?
1457,1191,Very useful content!
1458,1191,Love this reel ❤️
1459,1191,Amazing tutorial 🔥
1460,1191,Poor explanation
1461,1191,Amazing tutorial 🔥
1462,1191,This helped me a lot
1463,1191,Can you make a video on this topic?
1464,1191,Love this reel ❤️
1465,1192,Please share the code
1466,1192,Love this reel ❤️
1467,1192,When will you upload part 2?
1468,1192,"Great explanation, thank you!"
1469,1193,"Great explanation, thank you!"
1470,1193,This helped me a lot
1471,1193,Super clear and simple
1472,1193,Amazing tutorial 🔥
1473,1193,Very useful content!
1474,1193,Very useful content!
1475,1193,Love this reel ❤️
1476,1194,"Great explanation, thank you!"
1477,1194,Super clear and simple
1478,1194,Which tool did you use?
1479,1194,Very useful content!
1480,1194,Very useful content!
1481,1194,This helped me a lot
1482,1194,Too expensive course
1483,1194,"Too fast, couldn't follow"
1484,1194,This helped me a lot
1485,1194,This helped me a lot
1486,1195,Amazing tutorial 🔥
1487,1195,This helped me a lot
1488,1195,This helped me a lot
1489,1195,Which tool did you use?
1490,1195,Not useful for beginners
1491,1196,Super clear and simple
1492,1196,"Great explanation, thank you!"
1493,1196,This helped me a lot
1494,1196,Love this reel ❤️
1495,1196,Can you make a video on this topic?
1496,1196,Poor explanation
1497,1196,Super clear and simple
1498,1196,Not useful for beginners
1499,1197,Not useful for beginners
1500,1197,Amazing tutorial 🔥
1501,1197,Love this reel ❤️
1502,1197,This helped me a lot
1503,1197,Super clear and simple
1504,1197,Love this reel ❤️
1505,1197,This helped me a lot
1506,1197,Amazing tutorial 🔥
1507,1197,Poor explanation
1508,1197,Too expensive course
1509,1197,"Too fast, couldn't follow"
1510,1197,Poor explanation
1511,1198,This helped me a lot
1512,1198,Super clear and simple
1513,1198,Please share the code
1514,1199,Amazing tutorial 🔥
1515,1199,Please share the code
1516,1199,Not useful for beginners
1517,1199,Love this reel ❤️
1518,1199,When will you upload part 2?
1519,1199,Super clear and simple
1520,1199,Super clear and simple
1521,1199,Amazing tutorial 🔥
1522,1199,When will you upload part 2?
1523,1199,Too expensive course
1524,1200,Too expensive course
1525,1200,"Great explanation, thank you!"
1526,1200,When will you upload part 2?
1527,1200,"Too fast, couldn't follow"
1528,1200,Super clear and simple
1529,1201,"Great explanation, thank you!"
1530,1201,"Great explanation, thank you!"
1531,1201,Can you make a video on this topic?
1532,1201,When will you upload part 2?
1533,1201,Which tool did you use?
1534,1201,When will you upload part 2?
1535,1201,Super clear and simple
1536,1201,Very useful content!
1537,1202,This helped me a lot
1538,1202,Which tool did you use?
1539,1202,Super clear and simple
1540,1202,Very useful content!
1541,1203,Can you make a video on this topic?
1542,1203,"Great explanation, thank you!"
1543,1203,Very useful content!
1544,1203,Can you make a video on this topic?
1545,1203,Can you make a video on this topic?
1546,1203,"Great explanation, thank you!"
1547,1203,This helped me a lot
1548,1203,Very useful content!
1549,1203,This helped me a lot
1550,1203,Amazing tutorial 🔥
1551,1203,Please share the code
1552,1204,Which tool did you use?
1553,1204,"Great explanation, thank you!"
1554,1204,When will you upload part 2?
1555,1204,This helped me a lot
1556,1204,This helped me a lot
1557,1204,Audio quality is poor
1558,1204,"Too fast, couldn't follow"
1559,1204,"Great explanation, thank you!"
1560,1204,Love this reel ❤️
1561,1204,Love this reel ❤️
1562,1204,Super clear and simple
1563,1205,Super clear and simple
1564,1205,Love this reel ❤️
1565,1205,This helped me a lot
1566,1206,When will you upload part 2?
1567,1206,Very useful content!
1568,1206,Love this reel ❤️
1569,1206,Which tool did you use?
1570,1206,"Great explanation, thank you!"
1571,1206,Which tool did you use?
1572,1206,Super clear and simple
1573,1206,Please share the code
1574,1206,Amazing tutorial 🔥
1575,1206,"Great explanation, thank you!"
1576,1207,Can you make a video on this topic?
1577,1207,"Great explanation, thank you!"
1578,1207,When will you upload part 2?
1579,1207,"Great explanation, thank you!"
1580,1207,Love this reel ❤️
1581,1208,Poor explanation
1582,1208,Love this reel ❤️
1583,1208,Can you make a video on this topic?
1584,1208,Very useful content!
1585,1208,"Great explanation, thank you!"
1586,1208,This helped me a lot
1587,1208,Love this reel ❤️
1588,1208,Super clear and simple
1589,1208,"Great explanation, thank you!"
1590,1208,Not useful for beginners
1591,1208,Amazing tutorial 🔥
1592,1208,Poor explanation
1593,1209,Very useful content!
1594,1209,This helped me a lot
1595,1209,Please share the code
1596,1209,Not useful for beginners
1597,1209,Super clear and simple
1598,1209,Amazing tutorial 🔥
1599,1209,Super clear and simple
1600,1210,"Great explanation, thank you!"
1601,1210,Poor explanation
1602,1210,Please share the code
1603,1210,Very useful content!
1604,1210,When will you upload part 2?
1605,1210,Amazing tutorial 🔥
1606,1210,Very useful content!
1607,1211,Can you make a video on this topic?
1608,1211,Very useful content!
1609,1211,Amazing tutorial 🔥
1610,1211,Can you make a video on this topic?
1611,1211,Which tool did you use?
1612,1211,Very useful content!
1613,1211,This helped me a lot
1614,1211,When will you upload part 2?
1615,1211,Too expensive course
1616,1212,Amazing tutorial 🔥
1617,1212,When will you upload part 2?
1618,1212,Audio quality is poor
1619,1212,Super clear and simple
1620,1212,Audio quality is poor
1621,1212,Very useful content!
1622,1213,"Great explanation, thank you!"
1623,1213,Poor explanation
1624,1213,Super clear and simple
1625,1213,Too expensive course
1626,1213,Which tool did you use?
1627,1213,Super clear and simple
1628,1213,Too expensive course
1629,1214,Amazing tutorial 🔥
1630,1214,Love this reel ❤️
1631,1214,This helped me a lot
1632,1214,Poor explanation
1633,1214,"Too fast, couldn't follow"
1634,1214,Poor explanation
1635,1214,When will you upload part 2?
1636,1214,Super clear and simple
1637,1214,Too expensive course
1638,1215,Super clear and simple
1639,1215,Love this reel ❤️
1640,1215,This helped me a lot
1641,1215,This helped me a lot
1642,1215,"Great explanation, thank you!"
1643,1216,Amazing tutorial 🔥
1644,1216,Can you make a video on this topic?
1645,1216,Very useful content!
1646,1216,"Great explanation, thank you!"
1647,1216,Too expensive course
1648,1216,Super clear and simple
1649,1216,Too expensive course
1650,1216,Super clear and simple
1651,1216,When will you upload part 2?
1652,1216,"Great explanation, thank you!"
1653,1216,Very useful content!
1654,1216,"Great explanation, thank you!"
1655,1217,This helped me a lot
1656,1217,Too expensive course
1657,1217,"Too fast, couldn't follow"
1658,1217,Super clear and simple
1659,1217,"Great explanation, thank you!"
1660,1217,Very useful content!
1661,1217,This helped me a lot
1662,1217,Not useful for beginners
1663,1217,Very useful content!
1664,1217,This helped me a lot
1665,1217,Which tool did you use?
1666,1217,"Great explanation, thank you!"
1667,1218,When will you upload part 2?
1668,1218,Super clear and simple
1669,1218,Very useful content!
1670,1218,Love this reel ❤️
1671,1218,"Great explanation, thank you!"
1672,1218,Which tool did you use?
1673,1218,Super clear and simple
1674,1218,When will you upload part 2?
1675,1218,"Great explanation, thank you!"
1676,1218,When will you upload part 2?
1677,1218,"Great explanation, thank you!"
1678,1219,Please share the code
1679,1219,Love this reel ❤️
1680,1219,Love this reel ❤️
1681,1219,Love this reel ❤️
1682,1219,When will you upload part 2?
1683,1219,Very useful content!
1684,1219,Love this reel ❤️
1685,1219,Too expensive course
1686,1220,"Great explanation, thank you!"
1687,1220,This helped me a lot
1688,1220,Poor explanation
1689,1220,"Great explanation, thank you!"
1690,1220,"Great explanation, thank you!"
1691,1220,Very useful content!
1692,1220,Super clear and simple
1693,1220,Love this reel ❤️
1694,1221,Love this reel ❤️
1695,1221,Too expensive course
1696,1221,When will you upload part 2?
1697,1221,This helped me a lot
1698,1221,When will you upload part 2?
1699,1221,Very useful content!
1700,1221,When will you upload part 2?
1701,1222,"Great explanation, thank you!"
1702,1222,"Great explanation, thank you!"
1703,1222,When will you upload part 2?
1704,1222,Can you make a video on this topic?
1705,1222,Love this reel ❤️
1706,1222,"Great explanation, thank you!"
1707,1222,Love this reel ❤️
1708,1222,Which tool did you use?
1709,1222,Audio quality is poor
1710,1222,Amazing tutorial 🔥
1711,1223,Amazing tutorial 🔥
1712,1223,Amazing tutorial 🔥
1713,1223,Can you make a video on this topic?
1714,1223,Which tool did you use?
1715,1223,Amazing tutorial 🔥
1716,1223,Super clear and simple
1717,1223,Love this reel ❤️
1718,1223,Too expensive course
1719,1223,Amazing tutorial 🔥
1720,1223,Super clear and simple
1721,1223,Not useful for beginners
1722,1223,Please share the code
1723,1224,Love this reel ❤️
1724,1224,"Great explanation, thank you!"
1725,1224,Very useful content!
1726,1224,This helped me a lot
1727,1224,Which tool did you use?
1728,1224,Very useful content!
1729,1224,This helped me a lot
1730,1224,"Great explanation, thank you!"
1731,1224,Super clear and simple
1732,1225,Please share the code
1733,1225,This helped me a lot
1734,1225,This helped me a lot
1735,1225,Very useful content!
1736,1225,Too expensive course
1737,1225,Audio quality is poor
1738,1225,Super clear and simple
1739,1226,Please share the code
1740,1226,Super clear and simple
1741,1226,When will you upload part 2?
1742,1226,This helped me a lot
1743,1226,When will you upload part 2?
1744,1226,Can you make a video on this topic?
1745,1226,Love this reel ❤️
1746,1226,Amazing tutorial 🔥
1747,1226,Please share the code
1748,1226,This helped me a lot
1749,1227,Super clear and simple
1750,1227,Which tool did you use?
1751,1227,Please share the code
1752,1227,Super clear and simple
1753,1227,Please share the code
1754,1227,Poor explanation
1755,1227,This helped me a lot
1756,1227,"Great explanation, thank you!"
1757,1227,Love this reel ❤️
1758,1227,Can you make a video on this topic?
1759,1228,Very useful content!
1760,1228,Please share the code
1761,1228,Can you make a video on this topic?
1762,1229,Which tool did you use?
1763,1229,Amazing tutorial 🔥
1764,1229,When will you upload part 2?
1765,1229,Please share the code
1766,1229,Can you make a video on this topic?
1767,1229,This helped me a lot
1768,1229,"Great explanation, thank you!"
1769,1229,Amazing tutorial 🔥
1770,1229,Very useful content!
1771,1230,"Too fast, couldn't follow"
1772,1230,"Great explanation, thank you!"
1773,1230,Too expensive course
1774,1230,Very useful content!
1775,1230,Super clear and simple
1776,1230,Audio quality is poor
1777,1230,Not useful for beginners
1778,1230,Love this reel ❤️
1779,1230,This helped me a lot
1780,1231,Please share the code
1781,1231,Please share the code
1782,1231,Love this reel ❤️
1783,1231,This helped me a lot
1784,1231,Amazing tutorial 🔥
1785,1231,Poor explanation
1786,1231,Which tool did you use?
1787,1231,Very useful content!
1788,1231,Love this reel ❤️
1789,1231,Which tool did you use?
1790,1232,Super clear and simple
1791,1232,Very useful content!
1792,1232,"Great explanation, thank you!"
1793,1232,Very useful content!
1794,1232,Can you make a video on this topic?
1795,1232,"Great explanation, thank you!"
1796,1232,Super clear and simple
1797,1232,"Great explanation, thank you!"
1798,1232,Love this reel ❤️
1799,1232,"Great explanation, thank you!"
1800,1232,Super clear and simple
1801,1232,Poor explanation
1802,1233,Audio quality is poor
1803,1233,This helped me a lot
1804,1233,"Great explanation, thank you!"
1805,1233,This helped me a lot
1806,1233,Very useful content!
1807,1233,When will you upload part 2?
1808,1233,Can you make a video on this topic?
1809,1233,Amazing tutorial 🔥
1810,1233,Which tool did you use?
1811,1233,"Great explanation, thank you!"
1812,1233,This helped me a lot
1813,1234,Very useful content!
1814,1234,Can you make a video on this topic?
1815,1234,Very useful content!
1816,1234,Amazing tutorial 🔥
1817,1234,Love this reel ❤️
1818,1234,When will you upload part 2?
1819,1235,"Great explanation, thank you!"
1820,1235,Amazing tutorial 🔥
1821,1235,Please share the code
1822,1235,"Great explanation, thank you!"
1823,1235,Which tool did you use?
1824,1235,"Great explanation, thank you!"
1825,1235,Amazing tutorial 🔥
1826,1235,This helped me a lot
1827,1235,Amazing tutorial 🔥
1828,1235,Super clear and simple
1829,1235,Can you make a video on this topic?
1830,1235,Poor explanation
1831,1236,Love this reel ❤️
1832,1236,Please share the code
1833,1236,Super clear and simple
1834,1236,Amazing tutorial 🔥
1835,1236,Too expensive course
1836,1237,When will you upload part 2?
1837,1237,"Great explanation, thank you!"
1838,1237,Love this reel ❤️
1839,1237,Super clear and simple
1840,1237,Please share the code
1841,1237,Very useful content!
1842,1237,Please share the code
1843,1237,"Great explanation, thank you!"
1844,1237,Which tool did you use?
1845,1237,Can you make a video on this topic?
1846,1237,Very useful content!
1847,1237,Very useful content!
1848,1238,Which tool did you use?
1849,1238,Amazing tutorial 🔥
1850,1238,Too expensive course
1851,1238,When will you upload part 2?
1852,1238,"Great explanation, thank you!"
1853,1238,"Great explanation, thank you!"
1854,1239,Can you make a video on this topic?
1855,1239,When will you upload part 2?
1856,1239,Too expensive course
1857,1239,When will you upload part 2?
1858,1239,"Too fast, couldn't follow"
1859,1239,"Great explanation, thank you!"
1860,1239,Too expensive course
1861,1240,When will you upload part 2?
1862,1240,Super clear and simple
1863,1240,Can you make a video on this topic?
1864,1240,Super clear and simple
1865,1240,Very useful content!
1866,1240,Amazing tutorial 🔥
1867,1240,Poor explanation
1868,1240,Very useful content!
1869,1241,"Great explanation, thank you!"
1870,1241,Amazing tutorial 🔥
1871,1241,Can you make a video on this topic?
1872,1241,Not useful for beginners
1873,1241,Love this reel ❤️
1874,1241,"Great explanation, thank you!"
1875,1242,Amazing tutorial 🔥
1876,1242,Amazing tutorial 🔥
1877,1242,Very useful content!
1878,1242,This helped me a lot
1879,1242,Love this reel ❤️
1880,1242,Not useful for beginners
1881,1242,Super clear and simple
1882,1242,"Great explanation, thank you!"
1883,1242,Amazing tutorial 🔥
1884,1242,Super clear and simple
1885,1243,Can you make a video on this topic?
1886,1243,This helped me a lot
1887,1243,Super clear and simple
1888,1244,"Too fast, couldn't follow"
1889,1244,Love this reel ❤️
1890,1244,Too expensive course
1891,1244,This helped me a lot
1892,1244,Audio quality is poor
1893,1244,Love this reel ❤️
1894,1244,Love this reel ❤️
1895,1244,Audio quality is poor
1896,1245,Which tool did you use?
1897,1245,Too expensive course
1898,1245,This helped me a lot
1899,1245,Audio quality is poor
1900,1245,When will you upload part 2?
1901,1245,Which tool did you use?
1902,1245,"Great explanation, thank you!"
1903,1245,Super clear and simple
1904,1245,Which tool did you use?
1905,1246,When will you upload part 2?
1906,1246,Can you make a video on this topic?
1907,1246,Can you make a video on this topic?
1908,1246,Love this reel ❤️
1909,1246,Which tool did you use?
1910,1246,Very useful content!
1911,1246,Amazing tutorial 🔥
1912,1246,Can you make a video on this topic?
1913,1246,Please share the code
1914,1246,Which tool did you use?
1915,1247,Super clear and simple
1916,1247,Love this reel ❤️
1917,1247,Which tool did you use?
1918,1247,Can you make a video on this topic?
1919,1247,"Great explanation, thank you!"
1920,1247,This helped me a lot
1921,1247,Poor explanation
1922,1247,Very useful content!
1923,1247,Poor explanation
1924,1247,When will you upload part 2?
1925,1248,Super clear and simple
1926,1248,"Too fast, couldn't follow"
1927,1248,This helped me a lot
1928,1248,Can you make a video on this topic?
1929,1248,"Great explanation, thank you!"
1930,1248,Amazing tutorial 🔥
1931,1248,Super clear and simple
1932,1248,This helped me a lot
1933,1248,Please share the code
1934,1248,Super clear and simple
1935,1249,"Great explanation, thank you!"
1936,1249,This helped me a lot
1937,1249,This helped me a lot
1938,1249,Poor explanation
1939,1249,"Great explanation, thank you!"
1940,1249,Can you make a video on this topic?
1941,1250,Love this reel ❤️
1942,1250,"Great explanation, thank you!"
1943,1250,This helped me a lot
1944,1250,Audio quality is poor
1945,1250,Super clear and simple
1946,1250,Very useful content!
1947,1250,"Great explanation, thank you!"
1948,1250,Too expensive course
1949,1250,Please share the code
1950,1251,Which tool did you use?
1951,1251,Amazing tutorial 🔥
1952,1251,"Great explanation, thank you!"
1953,1251,Too expensive course
1954,1251,Poor explanation
1955,1251,Poor explanation
1956,1251,When will you upload part 2?
1957,1251,Amazing tutorial 🔥
1958,1251,Which tool did you use?
1959,1252,Can you make a video on this topic?
1960,1252,Poor explanation
1961,1252,Love this reel ❤️
1962,1252,Amazing tutorial 🔥
1963,1252,"Great explanation, thank you!"
1964,1252,Not useful for beginners
1965,1252,Super clear and simple
1966,1252,Love this reel ❤️
1967,1252,"Great explanation, thank you!"
1968,1253,Too expensive course
1969,1253,Audio quality is poor
1970,1253,Please share the code
1971,1254,Audio quality is poor
1972,1254,Which tool did you use?
1973,1254,This helped me a lot
1974,1254,Audio quality is poor
1975,1254,Please share the code
1976,1254,Can you make a video on this topic?
1977,1254,Super clear and simple
1978,1255,Love this reel ❤️
1979,1255,Love this reel ❤️
1980,1255,"Great explanation, thank you!"
1981,1255,This helped me a lot
1982,1255,This helped me a lot
1983,1255,"Great explanation, thank you!"
1984,1255,Poor explanation
1985,1255,This helped me a lot
1986,1255,Super clear and simple
1987,1255,"Too fast, couldn't follow"
1988,1256,"Great explanation, thank you!"
1989,1256,Love this reel ❤️
1990,1256,Which tool did you use?
1991,1256,Super clear and simple
1992,1256,Amazing tutorial 🔥
1993,1256,"Too fast, couldn't follow"
1994,1256,Amazing tutorial 🔥
1995,1256,Very useful content!
1996,1257,When will you upload part 2?
1997,1257,"Too fast, couldn't follow"
1998,1257,Super clear and simple
1999,1257,"Great explanation, thank you!"
2000,1257,Very useful content!
2001,1257,Can you make a video on this topic?
2002,1258,Super clear and simple
2003,1258,Please share the code
2004,1258,Which tool did you use?
2005,1259,Which tool did you use?
2006,1259,Poor explanation
2007,1259,Audio quality is poor
2008,1259,Poor explanation
2009,1259,Very useful content!
2010,1259,Which tool did you use?
2011,1259,Very useful content!
2012,1259,Please share the code
2013,1259,"Great explanation, thank you!"
2014,1259,This helped me a lot
2015,1259,Love this reel ❤️
2016,1259,This helped me a lot
2017,1260,Can you make a video on this topic?
2018,1260,This helped me a lot
2019,1260,Which tool did you use?
2020,1260,Poor explanation
2021,1260,Super clear and simple
2022,1260,"Great explanation, thank you!"
2023,1260,This helped me a lot
2024,1261,Too expensive course
2025,1261,Amazing tutorial 🔥
2026,1261,This helped me a lot
2027,1261,Can you make a video on this topic?
2028,1261,This helped me a lot
2029,1261,Amazing tutorial 🔥
2030,1261,This helped me a lot
2031,1261,Can you make a video on this topic?
2032,1261,Poor explanation
2033,1261,When will you upload part 2?
2034,1262,Very useful content!
2035,1262,Too expensive course
2036,1262,Love this reel ❤️
2037,1262,Which tool did you use?
2038,1262,Please share the code
2039,1262,Very useful content!
2040,1262,Very useful content!
2041,1263,This helped me a lot
2042,1263,This helped me a lot
2043,1263,Which tool did you use?
2044,1263,Amazing tutorial 🔥
2045,1263,Amazing tutorial 🔥
2046,1263,Super clear and simple
2047,1263,Can you make a video on this topic?
2048,1263,Please share the code
2049,1263,This helped me a lot
2050,1263,Audio quality is poor
2051,1263,Super clear and simple
2052,1264,Please share the code
2053,1264,Which tool did you use?
2054,1264,Love this reel ❤️
2055,1264,Very useful content!
2056,1264,Which tool did you use?
2057,1264,"Too fast, couldn't follow"
2058,1264,Very useful content!
2059,1264,Very useful content!
2060,1264,Super clear and simple
2061,1264,Super clear and simple
2062,1265,Poor explanation
2063,1265,Which tool did you use?
2064,1265,Which tool did you use?
2065,1265,Please share the code
2066,1265,When will you upload part 2?
2067,1265,Very useful content!
2068,1265,Very useful content!
2069,1265,Can you make a video on this topic?
2070,1265,Not useful for beginners
2071,1266,Can you make a video on this topic?
2072,1266,Super clear and simple
2073,1266,Poor explanation
2074,1266,"Great explanation, thank you!"
2075,1266,Can you make a video on this topic?
2076,1266,Very useful content!
2077,1266,Love this reel ❤️
2078,1266,Please share the code
2079,1266,Too expensive course
2080,1266,This helped me a lot
2081,1267,"Great explanation, thank you!"
2082,1267,This helped me a lot
2083,1267,Very useful content!
2084,1267,Super clear and simple
2085,1267,This helped me a lot
2086,1267,Which tool did you use?
2087,1267,This helped me a lot
2088,1267,Amazing tutorial 🔥
2089,1267,Please share the code
2090,1267,Very useful content!
2091,1267,This helped me a lot
2092,1267,Amazing tutorial 🔥
2093,1268,Super clear and simple
2094,1268,This helped me a lot
2095,1268,Amazing tutorial 🔥
2096,1268,Audio quality is poor
2097,1269,When will you upload part 2?
2098,1269,Super clear and simple
2099,1269,"Great explanation, thank you!"
2100,1269,Amazing tutorial 🔥
2101,1269,Super clear and simple
2102,1269,Amazing tutorial 🔥
2103,1269,Too expensive course
2104,1269,"Great explanation, thank you!"
2105,1269,Please share the code
2106,1269,Audio quality is poor
2107,1270,Can you make a video on this topic?
2108,1270,Which tool did you use?
2109,1270,When will you upload part 2?
2110,1270,Can you make a video on this topic?
2111,1270,Love this reel ❤️
2112,1270,When will you upload part 2?
2113,1270,Please share the code
2114,1270,Love this reel ❤️
2115,1270,Very useful content!
2116,1270,"Great explanation, thank you!"
2117,1271,Can you make a video on this topic?
2118,1271,When will you upload part 2?
2119,1271,Which tool did you use?
2120,1271,Amazing tutorial 🔥
2121,1271,Amazing tutorial 🔥
2122,1271,"Great explanation, thank you!"
2123,1271,Audio quality is poor
2124,1271,Which tool did you use?
2125,1272,Poor explanation
2126,1272,When will you upload part 2?
2127,1272,Please share the code
2128,1272,When will you upload part 2?
2129,1272,Poor explanation
2130,1273,When will you upload part 2?
2131,1273,When will you upload part 2?
2132,1273,Love this reel ❤️
2133,1273,Can you make a video on this topic?
2134,1273,Not useful for beginners
2135,1273,Please share the code
2136,1273,Please share the code
2137,1273,When will you upload part 2?
2138,1273,"Great explanation, thank you!"
2139,1273,Love this reel ❤️
2140,1273,Love this reel ❤️
2141,1273,This helped me a lot
2142,1274,This helped me a lot
2143,1274,Amazing tutorial 🔥
2144,1274,"Great explanation, thank you!"
2145,1275,Please share the code
2146,1275,Super clear and simple
2147,1275,Amazing tutorial 🔥
2148,1275,Love this reel ❤️
2149,1275,This helped me a lot
2150,1275,This helped me a lot
2151,1275,Poor explanation
2152,1275,Which tool did you use?
2153,1276,Very useful content!
2154,1276,When will you upload part 2?
2155,1276,"Great explanation, thank you!"
2156,1277,Not useful for beginners
2157,1277,This helped me a lot
2158,1277,Can you make a video on this topic?
2159,1277,"Too fast, couldn't follow"
2160,1277,Poor explanation
2161,1277,Too expensive course
2162,1277,Super clear and simple
2163,1277,Which tool did you use?
2164,1277,Which tool did you use?
2165,1278,"Great explanation, thank you!"
2166,1278,Poor explanation
2167,1278,Too expensive course
2168,1278,Love this reel ❤️
2169,1278,Poor explanation
2170,1278,Please share the code
2171,1278,Please share the code
2172,1278,Which tool did you use?
2173,1279,"Great explanation, thank you!"
2174,1279,Super clear and simple
2175,1279,Can you make a video on this topic?
2176,1279,Amazing tutorial 🔥
2177,1280,Amazing tutorial 🔥
2178,1280,Amazing tutorial 🔥
2179,1280,Super clear and simple
2180,1280,Very useful content!
2181,1280,Poor explanation
2182,1280,Love this reel ❤️
2183,1280,Which tool did you use?
2184,1281,"Too fast, couldn't follow"
2185,1281,Which tool did you use?
2186,1281,Amazing tutorial 🔥
2187,1281,Very useful content!
2188,1281,When will you upload part 2?
2189,1281,Amazing tutorial 🔥
2190,1281,Please share the code
2191,1281,Love this reel ❤️
2192,1281,Can you make a video on this topic?
2193,1282,Super clear and simple
2194,1282,Can you make a video on this topic?
2195,1282,Can you make a video on this topic?
2196,1282,Amazing tutorial 🔥
2197,1282,"Great explanation, thank you!"
2198,1282,Love this reel ❤️
2199,1282,Please share the code
2200,1282,Very useful content!
2201,1283,Too expensive course
2202,1283,Very useful content!
2203,1283,Amazing tutorial 🔥
2204,1283,Amazing tutorial 🔥
2205,1283,This helped me a lot
2206,1283,Poor explanation
2207,1283,This helped me a lot
2208,1283,Too expensive course
2209,1283,Please share the code
2210,1284,Love this reel ❤️
2211,1284,This helped me a lot
2212,1284,Super clear and simple
2213,1284,Amazing tutorial 🔥
2214,1284,Love this reel ❤️
2215,1285,Super clear and simple
2216,1285,Amazing tutorial 🔥
2217,1285,Very useful content!
2218,1285,Please share the code
2219,1285,"Great explanation, thank you!"
2220,1285,Very useful content!
2221,1285,Very useful content!
2222,1285,"Great explanation, thank you!"
2223,1285,This helped me a lot
2224,1285,Love this reel ❤️
2225,1286,Please share the code
2226,1286,"Great explanation, thank you!"
2227,1286,Not useful for beginners
2228,1286,Super clear and simple
2229,1286,Very useful content!
2230,1287,Very useful content!
2231,1287,Amazing tutorial 🔥
2232,1287,This helped me a lot
2233,1287,Too expensive course
2234,1287,Super clear and simple
2235,1287,Can you make a video on this topic?
2236,1287,Please share the code
2237,1287,Please share the code
2238,1287,Super clear and simple
2239,1287,Amazing tutorial 🔥
2240,1287,Please share the code
2241,1288,This helped me a lot
2242,1288,Very useful content!
2243,1288,Too expensive course
2244,1288,When will you upload part 2?
2245,1288,"Too fast, couldn't follow"
2246,1288,Super clear and simple
2247,1288,Super clear and simple
2248,1288,Amazing tutorial 🔥
2249,1288,Amazing tutorial 🔥
2250,1289,Very useful content!
2251,1289,Poor explanation
2252,1289,This helped me a lot
2253,1289,Very useful content!
2254,1289,Amazing tutorial 🔥
2255,1289,Very useful content!
2256,1289,Love this reel ❤️
2257,1289,Super clear and simple
2258,1289,Please share the code
2259,1289,Amazing tutorial 🔥
2260,1289,Please share the code
2261,1290,Very useful content!
2262,1290,Love this reel ❤️
2263,1290,Amazing tutorial 🔥
2264,1290,"Great explanation, thank you!"
2265,1290,Very useful content!
2266,1290,"Great explanation, thank you!"
2267,1290,"Great explanation, thank you!"
2268,1290,Can you make a video on this topic?
2269,1290,This helped me a lot
2270,1290,When will you upload part 2?
2271,1290,Which tool did you use?
2272,1290,Super clear and simple
2273,1291,Very useful content!
2274,1291,This helped me a lot
2275,1291,Audio quality is poor
2276,1292,"Too fast, couldn't follow"
2277,1292,Love this reel ❤️
2278,1292,Can you make a video on this topic?
2279,1292,Amazing tutorial 🔥
2280,1292,Very useful content!
2281,1292,"Great explanation, thank you!"
2282,1292,This helped me a lot
2283,1292,Very useful content!
2284,1292,Love this reel ❤️
2285,1293,Amazing tutorial 🔥
2286,1293,Can you make a video on this topic?
2287,1293,Can you make a video on this topic?
2288,1294,This helped me a lot
2289,1294,Super clear and simple
2290,1294,Love this reel ❤️
2291,1294,Love this reel ❤️
2292,1294,Please share the code
2293,1294,Poor explanation
2294,1294,Very useful content!
2295,1295,Poor explanation
2296,1295,Love this reel ❤️
2297,1295,This helped me a lot
2298,1295,"Great explanation, thank you!"
2299,1295,Please share the code
2300,1295,Not useful for beginners
2301,1295,Amazing tutorial 🔥
2302,1295,Love this reel ❤️
2303,1295,When will you upload part 2?
2304,1295,This helped me a lot
2305,1296,Which tool did you use?
2306,1296,Not useful for beginners
2307,1296,Which tool did you use?
2308,1296,Audio quality is poor
2309,1297,Too expensive course
2310,1297,Super clear and simple
2311,1297,Audio quality is poor
2312,1297,Amazing tutorial 🔥
2313,1297,Super clear and simple
2314,1297,Very useful content!
2315,1297,When will you upload part 2?
2316,1298,Please share the code
2317,1298,Super clear and simple
2318,1298,Please share the code
2319,1299,Super clear and simple
2320,1299,When will you upload part 2?
2321,1299,Too expensive course
2322,1299,Which tool did you use?
2323,1299,Too expensive course
2324,1299,Which tool did you use?
2325,1299,Super clear and simple
2326,1299,"Too fast, couldn't follow"
2327,1299,Love this reel ❤️
2328,1299,Love this reel ❤️
2329,1299,Which tool did you use?
