post_id,date,post_type,topic,caption_length,hashtags_count,video_duration,posting_hour,likes,comments,shares,saves,reach,impressions,followers
1000,2025-10-01,Reel,Career Advice,85,6,21,18,2648.0,59,594,190,34990,47960,10050
1001,2025-10-02,Reel,Machine Learning Basics,233,6,56,9,871.0,29,211,276,15345,21184,10073
1002,2025-10-03,Image,Career Advice,89,7,0,18,996.0,22,151,146,14122,16750,10131
1003,2025-10-04,Carousel,Excel Tricks,187,10,0,9,1141.0,25,139,385,14848,17074,10163
1004,2025-10-05,Carousel,Career Advice,108,13,0,12,952.0,43,215,231,12001,16912,10196
1005,2025-10-06,Carousel,SQL Tutorial,103,8,0,15,792.0,32,70,304,11645,15931,10235
1006,2025-10-07,Carousel,Python Interview Tips,286,7,0,19,1464.0,59,414,704,23512,31882,10279
1007,2025-10-08,Image,Excel Tricks,66,7,0,18,1150.0,53,143,219,14798,17526,10303
1008,2025-10-09,Image,Career Advice,85,7,0,19,680.0,18,150,201,10899,13064,10338
1009,2025-10-10,Reel,Python Interview Tips,243,4,18,19,1353.0,33,669,409,29355,42401,10373
1010,2025-10-11,Reel,Data Analysis,270,11,15,19,1134.0,52,620,420,25447,34916,10407
1011,2025-10-12,Reel,Data Analysis,294,3,31,15,1465.0,51,205,299,20799,30964,10438
1012,2025-10-13,Carousel,Python Interview Tips,91,15,0,15,989.0,35,69,246,13905,18295,10488
1013,2025-10-14,Reel,SQL Tutorial,128,15,30,21,1610.0,77,202,263,21440,24080,10499
1014,2025-10-15,Image,Machine Learning Basics,218,5,0,20,484.0,13,141,88,7813,10079,10513
1015,2025-10-16,Image,Excel Tricks,232,6,0,20,850.0,33,123,136,10662,13057,10536
1016,2025-10-17,Reel,Python Tips,191,12,29,18,1087.0,44,238,162,26991,36043,10553
1017,2025-10-18,Image,Python Tips,221,7,0,19,834.0,34,247,184,13549,17534,10565
1018,2025-10-19,Carousel,Excel Tricks,74,4,0,18,667.0,21,221,128,12322,16802,10590
1019,2025-10-20,Image,Python Tips,136,14,0,12,318.0,8,93,50,7176,10191,10641
1020,2025-10-21,Reel,Python Interview Tips,163,4,50,21,2511.0,90,297,243,38005,43293,10662
1021,2025-10-22,Image,Python Interview Tips,104,10,0,18,962.0,23,63,137,12644,18281,10720
1022,2025-10-23,Carousel,SQL Tutorial,250,14,0,18,1222.0,30,168,625,17787,23519,10780
1023,2025-10-24,Carousel,Python Tips,62,3,0,20,653.0,29,79,379,10866,14491,10827
1024,2025-10-25,Image,Python Tips,270,13,0,19,528.0,24,102,164,11809,14100,10842
1025,2025-10-26,Reel,Career Advice,130,11,31,19,2532.0,68,605,556,36891,43594,10891
1026,2025-10-27,Reel,Excel Tricks,167,3,54,21,1585.0,35,244,178,19861,29779,10920
1027,2025-10-28,Image,Python Interview Tips,162,5,0,18,937.0,35,272,203,13762,19727,10952
1028,2025-10-29,Carousel,Machine Learning Basics,76,13,0,18,694.0,16,101,366,15305,22583,10962
1029,2025-10-30,Reel,Python Interview Tips,225,6,55,20,1576.0,43,731,150,26179,37728,10989
1030,2025-10-31,Reel,SQL Tutorial,247,8,23,9,939.0,39,370,212,18614,25219,11039
1031,2025-11-01,Reel,Career Advice,59,11,38,21,2656.0,63,834,1069,57842,77103,11049
1032,2025-11-02,Image,Python Tips,224,6,0,21,568.0,24,235,143,12896,15472,11109
1033,2025-11-03,Carousel,Python Interview Tips,257,15,0,21,785.0,19,262,418,13896,16269,11158
1034,2025-11-04,Image,Excel Tricks,118,6,0,20,1089.0,34,89,193,16015,18636,11194
1035,2025-11-05,Image,Data Analysis,273,15,0,18,422.0,10,102,185,10315,12285,11216
1036,2025-11-06,Reel,Career Advice,265,13,49,19,1340.0,62,436,447,32616,40197,11275
1037,2025-11-07,Reel,Machine Learning Basics,251,14,35,18,1810.0,42,632,179,22812,29075,11301
1038,2025-11-08,Carousel,Python Tips,187,15,0,19,1021.0,42,104,271,13168,18102,11313
1039,2025-11-09,Image,Machine Learning Basics,234,4,0,18,808.0,32,132,207,13409,19577,11365
1040,2025-11-10,Reel,Data Analysis,223,9,26,20,2313.0,84,333,413,44461,59853,11410
1041,2025-11-11,Carousel,Machine Learning Basics,163,10,0,20,941.0,32,358,591,19384,24750,11447
1042,2025-11-12,Carousel,SQL Tutorial,208,13,0,19,1314.0,55,272,272,18073,22303,11467
1043,2025-11-13,Reel,Python Tips,206,10,19,15,1697.0,63,532,242,22505,28855,11489
1044,2025-11-14,Reel,Career Advice,270,15,21,20,1279.0,56,607,313,26235,37027,11524
1045,2025-11-15,Reel,Excel Tricks,255,5,44,12,1487.0,56,540,343,18708,25574,11569
1046,2025-11-16,Image,Machine Learning Basics,164,11,0,18,901.0,30,114,112,12922,18851,11618
1047,2025-11-17,Reel,Excel Tricks,111,13,32,19,3431.0,92,753,921,50071,63888,11668
1048,2025-11-18,Reel,Python Interview Tips,230,5,28,18,2164.0,78,648,311,38449,43281,11683
1049,2025-11-19,Reel,Excel Tricks,55,14,51,19,833.0,25,506,368,20706,25927,11719
1050,2025-11-20,Carousel,Career Advice,279,12,0,19,1008.0,33,112,373,20680,24572,11755
1051,2025-11-21,Carousel,Career Advice,285,10,0,15,868.0,18,146,324,13383,15404,11808
1052,2025-11-22,Reel,Data Analysis,96,10,18,12,1118.0,37,318,383,21075,25375,11819
1053,2025-11-23,Carousel,Excel Tricks,170,4,0,18,1241.0,62,206,535,20155,22326,11846
1054,2025-11-24,Image,Python Tips,101,6,0,20,1163.0,31,217,120,17944,25762,11905
1055,2025-11-25,Reel,SQL Tutorial,205,5,53,20,2604.0,112,423,366,37890,56285,11928
1056,2025-11-26,Reel,SQL Tutorial,151,9,60,19,1669.0,74,339,405,26211,30911,11975
1057,2025-11-27,Image,Machine Learning Basics,194,15,0,21,747.0,24,146,174,13866,19593,12004
1058,2025-11-28,Reel,Data Analysis,160,4,38,21,2835.0,116,670,620,38768,52500,12035
1059,2025-11-29,Reel,Excel Tricks,173,15,44,21,2932.0,82,1129,739,42348,53961,12086
1060,2025-11-30,Reel,Data Analysis,195,10,54,15,1211.0,42,335,279,22671,30997,12101
1061,2025-12-01,Carousel,SQL Tutorial,229,12,0,18,1169.0,41,147,291,18791,27285,12133
1062,2025-12-02,Reel,Excel Tricks,215,10,60,15,1397.0,31,243,299,19490,25265,12169
1063,2025-12-03,Carousel,SQL Tutorial,138,11,0,19,1024.0,30,228,239,14674,18638,12198
1064,2025-12-04,Reel,Career Advice,240,4,49,15,1924.0,49,686,260,28468,42142,12224
1065,2025-12-05,Image,Machine Learning Basics,263,4,0,19,949.0,24,100,251,19345,22781,12271
1066,2025-12-06,Reel,Python Tips,291,14,23,19,2790.0,64,309,368,39795,53928,12298
1067,2025-12-07,Reel,Python Interview Tips,290,7,45,22,1084.0,37,521,389,25451,29157,12338
1068,2025-12-08,Reel,Machine Learning Basics,113,4,22,21,2271.0,86,858,667,40108,53072,12357
1069,2025-12-09,Reel,Data Analysis,159,12,34,18,1473.0,71,338,571,34744,46120,12391
1070,2025-12-10,Reel,Career Advice,94,6,50,12,1076.0,36,559,251,26842,30332,12441
1071,2025-12-11,Reel,SQL Tutorial,68,10,58,20,2542.0,111,1044,857,50271,59991,12465
1072,2025-12-12,Reel,Machine Learning Basics,282,5,32,15,1232.0,30,414,466,28751,41132,12487
1073,2025-12-13,Image,Data Analysis,127,14,0,12,1382.0,48,220,110,17791,24549,12533
1074,2025-12-14,Image,Career Advice,56,7,0,18,606.0,27,105,148,7726,8780,12545
1075,2025-12-15,Carousel,SQL Tutorial,243,15,0,19,1525.0,50,230,901,25111,29381,12603
1076,2025-12-16,Carousel,Data Analysis,139,10,0,22,681.0,15,95,259,12897,16293,12640
1077,2025-12-17,Reel,Data Analysis,59,11,44,21,1618.0,37,803,580,32309,36677,12681
1078,2025-12-18,Carousel,Machine Learning Basics,98,3,0,19,1207.0,42,216,193,18609,24328,12691
1079,2025-12-19,Carousel,SQL Tutorial,174,14,0,18,990.0,37,107,166,12553,14418,12718
1080,2025-12-20,Reel,Data Analysis,168,4,22,12,1271.0,60,387,429,27556,37450,12763
1081,2025-12-21,Image,Data Analysis,87,11,0,15,1032.0,36,244,241,13434,16838,12799
1082,2025-12-22,Carousel,Excel Tricks,179,15,0,18,1207.0,50,528,742,30109,36337,12826
1083,2025-12-23,Reel,Python Interview Tips,138,10,36,18,2301.0,77,549,291,37273,49228,12878
1084,2025-12-24,Reel,Data Analysis,155,15,17,15,1314.0,62,358,442,22314,27385,12932
1085,2025-12-25,Image,Python Interview Tips,82,3,0,19,803.0,37,228,146,12633,16434,12992
1086,2025-12-26,Image,Python Tips,272,9,0,20,928.0,31,392,202,20110,27388,13035
1087,2025-12-27,Reel,Python Tips,269,13,49,21,2054.0,85,959,705,39015,48846,13089
1088,2025-12-28,Carousel,Python Interview Tips,108,7,0,19,1014.0,23,256,575,17687,24738,13101
1089,2025-12-29,Reel,SQL Tutorial,133,3,18,21,1992.0,48,704,488,36228,44102,13139
1090,2025-12-30,Reel,Python Interview Tips,208,9,58,12,2148.0,52,502,247,28085,33598,13199
1091,2025-12-31,Carousel,Excel Tricks,223,7,0,19,1115.0,53,514,443,25968,34242,13225
1092,2026-01-01,Carousel,Data Analysis,148,6,0,21,745.0,23,174,286,16849,24285,13262
1093,2026-01-02,Reel,Excel Tricks,52,7,51,20,2276.0,111,895,517,32000,46272,13316
1094,2026-01-03,Carousel,Python Interview Tips,106,8,0,19,1230.0,49,300,508,18973,25701,13344
1095,2026-01-04,Carousel,Career Advice,251,7,0,19,902.0,37,90,242,14284,18231,13362
1096,2026-01-05,Reel,Python Interview Tips,274,11,38,12,2803.0,125,486,636,36622,48060,13419
1097,2026-01-06,Image,SQL Tutorial,255,8,0,20,1360.0,32,337,310,17331,19862,13459
1098,2026-01-07,Carousel,Data Analysis,192,15,0,22,967.0,19,176,287,13510,16837,13515
1099,2026-01-08,Carousel,SQL Tutorial,290,13,0,19,1390.0,47,296,715,20758,25918,13568
1100,2026-01-09,Image,Python Interview Tips,260,13,0,19,810.0,31,80,67,11912,15315,13598
1101,2026-01-10,Reel,Data Analysis,277,6,49,12,1404.0,56,584,463,24150,27875,13610
1102,2026-01-11,Carousel,Career Advice,217,9,0,15,915.0,29,296,151,15371,17516,13646
1103,2026-01-12,Reel,Data Analysis,75,8,58,22,1390.0,54,162,167,18281,22795,13679
1104,2026-01-13,Image,Excel Tricks,104,13,0,19,1048.0,21,275,142,16417,22272,13696
1105,2026-01-14,Carousel,Python Interview Tips,191,15,0,12,920.0,42,187,245,18934,22396,13714
1106,2026-01-15,Reel,Excel Tricks,188,5,31,22,,83,428,425,40987,58177,13762
1107,2026-01-16,Reel,SQL Tutorial,63,7,23,9,1697.0,71,506,463,27810,38841,13822
1108,2026-01-17,Carousel,Data Analysis,61,12,0,19,1831.0,72,228,632,23988,33364,13864
1109,2026-01-18,Reel,Data Analysis,225,9,21,21,3370.0,74,411,623,44123,57188,13875
1110,2026-01-19,Reel,Machine Learning Basics,232,11,35,19,1809.0,52,534,324,28324,35471,13889
1111,2026-01-20,Carousel,Excel Tricks,191,15,0,20,1092.0,36,189,408,22481,31211,13949
1112,2026-01-21,Reel,Career Advice,130,9,57,12,2304.0,93,535,187,29491,35446,13988
1113,2026-01-22,Reel,Python Tips,257,8,23,20,5239.0,193,1231,564,82558,109186,14003
1114,2026-01-23,Image,Excel Tricks,63,14,0,18,1068.0,32,228,136,16693,24828,14035
1115,2026-01-24,Reel,Excel Tricks,144,11,22,12,2423.0,107,1020,755,38497,54089,14087
1116,2026-01-25,Carousel,Career Advice,287,12,0,19,1540.0,32,206,672,22736,30992,14136
1117,2026-01-26,Reel,Python Interview Tips,218,12,40,21,2426.0,119,333,451,34850,39305,14167
1118,2026-01-27,Reel,SQL Tutorial,234,7,35,15,2852.0,64,395,334,45498,64185,14201
1119,2026-01-28,Reel,Python Tips,158,13,46,18,2670.0,70,898,480,47216,63403,14250
1120,2026-01-29,Reel,Career Advice,220,11,34,19,3197.0,121,439,545,57284,64053,14267
1121,2026-01-30,Carousel,Excel Tricks,80,8,0,18,1247.0,31,191,499,17853,19693,14290
1122,2026-01-31,Carousel,Career Advice,151,4,0,21,1238.0,25,559,959,29717,42932,14332
1123,2026-02-01,Reel,Data Analysis,124,9,22,20,,64,945,390,32810,41406,14378
1124,2026-02-02,Image,Python Tips,112,4,0,18,1051.0,23,338,303,18771,23919,14432
1125,2026-02-03,Reel,Python Interview Tips,79,13,48,12,4024.0,122,1259,912,52791,68838,14456
1126,2026-02-04,Reel,Python Interview Tips,204,5,24,18,2259.0,57,849,423,34127,47917,14475
1127,2026-02-05,Carousel,Machine Learning Basics,214,12,0,18,1329.0,61,294,267,20465,27712,14533
1128,2026-02-06,Reel,Career Advice,201,7,18,18,1671.0,56,324,409,38900,48266,14547
1129,2026-02-07,Reel,Excel Tricks,207,4,53,22,1143.0,41,494,360,19542,25459,14575
1130,2026-02-08,Image,Machine Learning Basics,204,8,0,20,550.0,12,78,221,11963,15435,14613
1131,2026-02-09,Image,Python Tips,60,5,0,19,980.0,32,218,125,17042,20435,14644
1132,2026-02-10,Image,Data Analysis,223,8,0,18,971.0,38,81,87,13576,18180,14677
1133,2026-02-11,Reel,SQL Tutorial,296,13,53,20,2428.0,91,486,466,45526,65981,14730
1134,2026-02-12,Carousel,Data Analysis,290,14,0,12,914.0,35,145,182,14658,16620,14781
1135,2026-02-13,Image,Career Advice,73,11,0,22,955.0,29,175,129,16785,22800,14835
1136,2026-02-14,Reel,Excel Tricks,85,6,24,19,2771.0,63,933,658,37564,42479,14858
1137,2026-02-15,Reel,SQL Tutorial,83,12,53,21,1754.0,78,938,646,37747,47209,14901
1138,2026-02-16,Carousel,Python Tips,234,13,0,18,1713.0,48,481,626,29667,35452,14921
1139,2026-02-17,Reel,Excel Tricks,144,6,58,20,2237.0,75,390,302,28191,41690,14965
1140,2026-02-18,Reel,Python Interview Tips,204,15,23,21,2202.0,75,829,995,52340,75851,15008
1141,2026-02-19,Image,Excel Tricks,245,4,0,12,1046.0,37,315,115,18044,21005,15063
1142,2026-02-20,Image,SQL Tutorial,63,9,0,21,680.0,21,77,103,12387,15590,15087
1143,2026-02-21,Image,Excel Tricks,252,8,0,20,793.0,37,230,333,19098,22123,15117
1144,2026-02-22,Carousel,Data Analysis,54,4,0,19,1735.0,63,376,549,23645,28430,15175
1145,2026-02-23,Carousel,Python Interview Tips,111,3,0,18,1899.0,64,176,885,26471,33563,15192
1146,2026-02-24,Carousel,Career Advice,233,6,0,19,968.0,37,145,342,16938,19604,15240
1147,2026-02-25,Carousel,Machine Learning Basics,294,4,0,22,595.0,29,131,193,9877,12943,15292
1148,2026-02-26,Reel,Data Analysis,241,7,16,22,1197.0,32,624,183,28039,34847,15332
1149,2026-02-27,Carousel,SQL Tutorial,189,8,0,12,1313.0,58,305,709,19983,24687,15379
1150,2026-02-28,Carousel,Excel Tricks,248,14,0,12,849.0,22,345,674,20486,30266,15419
1151,2026-03-01,Image,Machine Learning Basics,171,11,0,18,1474.0,37,217,351,21024,25256,15449
1152,2026-03-02,Reel,Python Tips,277,9,40,20,3210.0,101,1245,527,42366,59198,15500
1153,2026-03-03,Reel,Excel Tricks,71,15,42,19,2898.0,129,894,443,45220,51169,15541
1154,2026-03-04,Reel,SQL Tutorial,233,12,42,18,2654.0,88,1096,858,45957,53616,15556
1155,2026-03-05,Image,SQL Tutorial,292,15,0,19,1088.0,35,206,264,16289,18291,15605
1156,2026-03-06,Image,Python Interview Tips,250,13,0,21,1400.0,37,456,324,31089,39646,15625
1157,2026-03-07,Reel,Python Interview Tips,145,8,43,20,2947.0,105,770,690,46822,65795,15671
1158,2026-03-08,Image,Python Tips,182,10,0,20,908.0,25,129,170,14543,18248,15696
1159,2026-03-09,Reel,Data Analysis,268,5,19,15,2727.0,90,340,547,35919,46005,15745
1160,2026-03-10,Carousel,Career Advice,124,11,0,12,1142.0,47,291,404,15429,22472,15775
1161,2026-03-11,Reel,Python Interview Tips,252,6,23,12,2725.0,84,929,547,45602,54480,15835
1162,2026-03-12,Reel,Python Tips,233,9,45,12,3117.0,139,403,862,44059,57729,15880
1163,2026-03-13,Reel,Data Analysis,82,8,50,20,1628.0,79,593,642,34439,46696,15931
1164,2026-03-14,Image,Machine Learning Basics,91,5,0,15,1220.0,37,341,328,17851,21940,15944
1165,2026-03-15,Reel,Career Advice,82,7,55,22,1742.0,61,320,543,28400,34680,15959
1166,2026-03-16,Reel,Machine Learning Basics,136,12,51,20,4016.0,90,1553,892,53878,60153,15978
1167,2026-03-17,Carousel,Excel Tricks,213,12,0,19,3152.0,114,610,715,41718,46395,16004
1168,2026-03-18,Image,Career Advice,68,10,0,18,871.0,28,225,190,18813,25876,16029
1169,2026-03-19,Reel,Career Advice,299,8,40,18,2320.0,85,621,507,42333,48780,16048
1170,2026-03-20,Reel,Python Interview Tips,292,7,39,12,1757.0,85,861,533,30986,44795,16075
1171,2026-03-21,Carousel,Python Interview Tips,181,10,0,20,1603.0,55,135,418,21329,27444,16121
1172,2026-03-22,Image,Python Interview Tips,62,3,0,19,1116.0,50,263,162,17474,21187,16160
1173,2026-03-23,Image,Data Analysis,236,7,0,12,901.0,19,92,215,16059,20014,16170
1174,2026-03-24,Carousel,Python Tips,245,10,0,18,2056.0,79,399,351,28170,37182,16203
1175,2026-03-25,Reel,Excel Tricks,290,11,38,22,1939.0,68,758,229,40438,56693,16219
1176,2026-03-26,Carousel,Excel Tricks,88,10,0,19,1602.0,47,375,353,26428,35479,16237
1177,2026-03-27,Carousel,SQL Tutorial,262,11,0,19,2264.0,83,460,359,38000,49547,16286
1178,2026-03-28,Carousel,Data Analysis,280,15,0,19,1672.0,34,300,869,24777,34443,16317
1179,2026-03-29,Image,Machine Learning Basics,63,14,0,19,1888.0,73,576,710,40344,53795,16377
1180,2026-03-30,Image,Python Interview Tips,78,14,0,9,848.0,27,164,118,14724,17320,16396
1181,2026-03-31,Carousel,Data Analysis,236,14,0,21,979.0,25,212,578,21524,24212,16438
1182,2026-04-01,Reel,Python Interview Tips,137,11,49,19,2453.0,102,760,533,34621,42989,16481
1183,2026-04-02,Reel,Python Interview Tips,107,7,34,18,3980.0,162,1080,711,58371,82213,16530
1184,2026-04-03,Image,Excel Tricks,81,7,0,20,1147.0,53,202,189,18583,24704,16575
1185,2026-04-04,Image,SQL Tutorial,70,14,0,9,,24,186,122,15271,18913,16634
1186,2026-04-05,Reel,Machine Learning Basics,77,5,54,20,2342.0,50,1316,396,47246,65972,16678
1187,2026-04-06,Reel,Data Analysis,75,10,58,18,1810.0,66,1279,499,45029,63414,16702
1188,2026-04-07,Reel,Python Interview Tips,132,7,33,20,3236.0,73,865,552,42404,57599,16742
1189,2026-04-08,Image,Python Tips,156,5,0,21,,29,262,144,13158,19117,16798
1190,2026-04-09,Reel,Career Advice,274,7,17,22,1516.0,35,715,224,24173,26679,16839
1191,2026-04-10,Carousel,Data Analysis,267,5,0,21,1584.0,70,309,894,31115,40501,16890
1192,2026-04-11,Reel,Python Interview Tips,252,8,33,9,2462.0,62,937,646,35028,46486,16941
1193,2026-04-12,Carousel,Python Tips,97,4,0,18,1072.0,51,92,351,18156,27100,16978
1194,2026-04-13,Carousel,SQL Tutorial,196,14,0,18,1906.0,77,171,351,28828,31842,17016
1195,2026-04-14,Reel,Career Advice,247,14,34,19,4053.0,195,975,514,61837,85094,17045
1196,2026-04-15,Reel,Data Analysis,145,12,41,20,2873.0,122,959,652,37560,51861,17063
1197,2026-04-16,Reel,Excel Tricks,70,15,48,19,3329.0,74,986,289,48849,62463,17121
1198,2026-04-17,Image,Python Interview Tips,92,5,0,19,1211.0,28,161,273,19925,24532,17166
1199,2026-04-18,Image,Data Analysis,83,10,0,21,938.0,20,192,275,16112,21030,17181
1200,2026-04-19,Reel,SQL Tutorial,105,14,52,21,2947.0,120,1018,305,51754,58441,17237
1201,2026-04-20,Image,Data Analysis,96,9,0,9,1058.0,52,220,169,14988,21096,17251
1202,2026-04-21,Reel,Data Analysis,296,13,57,18,2819.0,129,632,1237,62215,90200,17285
1203,2026-04-22,Carousel,Career Advice,243,3,0,22,1032.0,41,261,464,19878,22046,17320
1204,2026-04-23,Reel,SQL Tutorial,289,6,22,15,1930.0,74,830,533,29072,32353,17344
1205,2026-04-24,Reel,Python Tips,203,10,58,19,1582.0,66,624,321,37721,52104,17369
1206,2026-04-25,Carousel,Excel Tricks,124,11,0,12,1892.0,70,337,737,24687,29467,17392
1207,2026-04-26,Reel,Python Interview Tips,106,11,41,22,1420.0,68,913,625,33470,40840,17422
1208,2026-04-27,Carousel,Machine Learning Basics,291,8,0,19,1721.0,61,481,624,31167,42303,17472
1209,2026-04-28,Reel,Excel Tricks,267,6,29,19,9630.0,425,3959,1894,141001,172062,17501
1210,2026-04-29,Carousel,Python Interview Tips,102,7,0,18,1345.0,45,329,731,31176,38412,17537
1211,2026-04-30,Reel,Data Analysis,60,12,19,20,4512.0,188,1285,780,64036,75259,17559
1212,2026-05-01,Reel,Python Tips,296,6,22,15,3706.0,175,1222,821,52814,73873,17590
1213,2026-05-02,Image,Machine Learning Basics,147,7,0,18,,47,255,448,24591,31636,17625
1214,2026-05-03,Reel,Career Advice,284,8,28,19,2940.0,108,648,373,51994,64903,17664
1215,2026-05-04,Carousel,Machine Learning Basics,125,9,0,19,1814.0,56,597,767,34118,39609,17690
1216,2026-05-05,Image,SQL Tutorial,297,10,0,18,1269.0,42,291,187,18250,25356,17741
1217,2026-05-06,Carousel,Data Analysis,214,11,0,15,1273.0,57,127,649,20889,30976,17759
1218,2026-05-07,Carousel,Data Analysis,109,13,0,12,904.0,24,232,208,19645,22143,17772
1219,2026-05-08,Carousel,Machine Learning Basics,174,13,0,21,1808.0,58,154,841,29512,32648,17822
1220,2026-05-09,Image,Python Tips,222,14,0,19,3085.0,78,746,511,39769,50595,17866
1221,2026-05-10,Reel,Machine Learning Basics,118,8,40,18,2799.0,94,463,552,35726,40427,17891
1222,2026-05-11,Carousel,Excel Tricks,244,13,0,12,1492.0,46,322,695,26549,29540,17920
1223,2026-05-12,Reel,Data Analysis,250,13,36,21,2940.0,67,766,223,39569,52482,17974
1224,2026-05-13,Image,Career Advice,119,10,0,21,857.0,40,369,268,19960,22327,17997
1225,2026-05-14,Reel,Excel Tricks,200,6,24,18,4980.0,159,671,540,72706,101853,18009
1226,2026-05-15,Carousel,Excel Tricks,134,11,0,18,2069.0,90,456,330,29732,37270,18034
1227,2026-05-16,Image,Python Tips,264,6,0,12,794.0,30,172,241,12381,13995,18091
1228,2026-05-17,Reel,SQL Tutorial,175,10,29,20,3876.0,127,1137,744,49927,62025,18121
1229,2026-05-18,Carousel,SQL Tutorial,68,14,0,20,1609.0,66,505,1010,34872,39503,18136
1230,2026-05-19,Reel,Python Tips,163,7,38,9,1285.0,29,501,389,29150,40942,18166
1231,2026-05-20,Reel,Python Tips,73,11,53,12,2150.0,67,571,439,40593,54362,18208
1232,2026-05-21,Carousel,Machine Learning Basics,196,6,0,21,1881.0,47,252,453,27910,36518,18223
1233,2026-05-22,Reel,Data Analysis,173,7,19,18,3144.0,130,754,576,40428,50310,18242
1234,2026-05-23,Reel,SQL Tutorial,135,9,54,9,3866.0,128,892,900,51911,64990,18281
1235,2026-05-24,Image,Python Interview Tips,292,12,0,18,1585.0,40,294,262,26807,36943,18332
1236,2026-05-25,Carousel,Data Analysis,112,15,0,22,566.0,24,115,378,11065,13613,18389
1237,2026-05-26,Carousel,Machine Learning Basics,190,15,0,15,1663.0,80,196,735,24073,26739,18411
1238,2026-05-27,Reel,Excel Tricks,222,9,46,20,2201.0,60,463,479,42250,48827,18465
1239,2026-05-28,Reel,Machine Learning Basics,186,9,47,19,4622.0,150,514,1206,61807,90819,18499
1240,2026-05-29,Image,Machine Learning Basics,77,4,0,19,1133.0,34,251,96,17093,24059,18553
1241,2026-05-30,Carousel,Data Analysis,297,8,0,22,771.0,17,145,508,17447,24748,18604
1242,2026-05-31,Carousel,Machine Learning Basics,150,8,0,15,1714.0,69,185,917,25525,32805,18649
1243,2026-06-01,Reel,Data Analysis,79,4,24,21,3696.0,160,1322,703,68809,85277,18689
1244,2026-06-02,Reel,Career Advice,126,4,17,19,1527.0,69,755,518,34238,48757,18705
1245,2026-06-03,Image,Career Advice,191,5,0,15,945.0,46,128,167,15156,17642,18725
1246,2026-06-04,Reel,Career Advice,238,3,54,18,2341.0,76,306,331,40374,58673,18746
1247,2026-06-05,Carousel,Excel Tricks,76,12,0,20,1590.0,49,205,312,25867,36725,18773
1248,2026-06-06,Image,Machine Learning Basics,202,8,0,22,1210.0,28,223,257,21729,27279,18825
1249,2026-06-07,Image,Career Advice,201,12,0,21,1180.0,27,249,201,26025,29509,18846
1250,2026-06-08,Reel,Data Analysis,197,5,39,18,2476.0,89,1173,789,41647,52859,18900
1251,2026-06-09,Carousel,Data Analysis,130,5,0,18,2292.0,105,682,781,35397,50858,18921
1252,2026-06-10,Image,Machine Learning Basics,154,10,0,19,2275.0,102,495,250,40185,55209,18943
1253,2026-06-11,Carousel,Python Interview Tips,107,7,0,18,1767.0,59,610,1122,37816,49729,18954
1254,2026-06-12,Carousel,Machine Learning Basics,189,15,0,12,886.0,39,91,460,16217,23179,18999
1255,2026-06-13,Reel,Data Analysis,242,13,30,12,3419.0,114,656,737,42759,52126,19043
1256,2026-06-14,Image,Python Tips,103,6,0,20,1937.0,59,477,442,30507,43450,19081
1257,2026-06-15,Carousel,Excel Tricks,256,6,0,15,1007.0,28,243,330,18641,20947,19101
1258,2026-06-16,Reel,Machine Learning Basics,280,11,58,18,2669.0,113,984,346,58766,83804,19156
1259,2026-06-17,Image,Python Interview Tips,113,5,0,20,1408.0,38,470,290,26634,30855,19183
1260,2026-06-18,Carousel,SQL Tutorial,165,9,0,19,1744.0,75,268,710,24297,27460,19202
1261,2026-06-19,Image,SQL Tutorial,133,10,0,19,1769.0,80,151,463,23676,31554,19256
1262,2026-06-20,Carousel,SQL Tutorial,186,15,0,21,1096.0,49,173,246,13929,17537,19306
1263,2026-06-21,Reel,Machine Learning Basics,251,10,36,12,2673.0,57,818,665,37929,55287,19334
1264,2026-06-22,Reel,Excel Tricks,50,10,42,15,2590.0,62,848,283,38356,45295,19345
1265,2026-06-23,Reel,SQL Tutorial,220,8,56,18,2102.0,61,874,320,37636,43891,19372
1266,2026-06-24,Reel,Python Tips,69,10,23,9,3599.0,120,454,601,59226,79213,19423
1267,2026-06-25,Image,Data Analysis,68,10,0,20,739.0,32,111,178,16968,20218,19440
1268,2026-06-26,Reel,Excel Tricks,214,5,58,21,2687.0,54,971,509,43895,50792,19469
1269,2026-06-27,Reel,Career Advice,207,9,58,15,2039.0,95,446,286,41896,53499,19525
1270,2026-06-28,Reel,Data Analysis,113,5,32,18,4233.0,160,2011,786,84790,115131,19581
1271,2026-06-29,Reel,Excel Tricks,102,7,48,20,1700.0,53,788,599,35768,48028,19635
1272,2026-06-30,Image,Data Analysis,177,6,0,18,1314.0,61,158,319,30682,41581,19695
1273,2026-07-01,Reel,Excel Tricks,143,9,49,21,3764.0,183,1325,280,53390,73313,19725
1274,2026-07-02,Reel,Python Interview Tips,292,3,40,9,1801.0,63,465,429,27659,36029,19739
1275,2026-07-03,Carousel,Machine Learning Basics,71,7,0,19,2065.0,53,585,802,34175,41828,19754
1276,2026-07-04,Carousel,Excel Tricks,214,13,0,21,2292.0,96,597,356,33743,38009,19789
1277,2026-07-05,Image,Python Tips,64,12,0,19,1481.0,62,144,332,21271,26029,19804
1278,2026-07-06,Reel,Data Analysis,182,11,31,22,1846.0,80,555,749,40971,47804,19858
1279,2026-07-07,Image,SQL Tutorial,184,7,0,21,1468.0,54,132,253,21445,24137,19917
1280,2026-07-08,Reel,Excel Tricks,90,8,31,19,4952.0,199,659,1053,65367,92123,19950
1281,2026-07-09,Reel,Excel Tricks,170,3,38,9,1940.0,92,1130,560,42183,52863,19960
1282,2026-07-10,Carousel,Data Analysis,156,6,0,15,1829.0,81,470,423,34658,50820,20015
1283,2026-07-11,Image,Python Interview Tips,61,11,0,15,604.0,20,130,249,14137,20945,20068
1284,2026-07-12,Reel,Data Analysis,124,6,51,9,3758.0,102,852,1057,54021,76375,20098
1285,2026-07-13,Carousel,Career Advice,253,15,0,21,808.0,26,170,368,20074,24049,20157
1286,2026-07-14,Image,SQL Tutorial,146,13,0,9,1032.0,23,193,128,14944,21513,20211
1287,2026-07-15,Image,Python Interview Tips,61,4,0,20,1999.0,71,408,278,26351,38696,20252
1288,2026-07-16,Reel,Python Tips,259,13,40,19,4501.0,148,2095,613,71781,81107,20309
1289,2026-07-17,Image,Excel Tricks,133,14,0,18,1105.0,24,174,362,21719,26654,20335
1290,2026-07-18,Reel,Python Tips,130,10,41,15,2220.0,95,721,488,40864,46923,20382
1291,2026-07-19,Reel,Excel Tricks,228,14,53,20,3636.0,108,472,431,49513,55263,20399
1292,2026-07-20,Reel,Python Tips,259,7,26,20,3100.0,104,1342,482,55187,61391,20431
1293,2026-07-21,Reel,Excel Tricks,65,3,29,12,4133.0,128,1228,831,56671,65301,20470
1294,2026-07-22,Carousel,Excel Tricks,100,4,0,12,1454.0,34,468,790,25196,36811,20517
1295,2026-07-23,Reel,Data Analysis,160,12,40,12,2422.0,79,677,815,43793,56863,20548
1296,2026-07-24,Reel,Python Interview Tips,207,12,30,9,3131.0,145,954,329,52236,70984,20575
1297,2026-07-25,Reel,Python Interview Tips,184,15,30,19,5285.0,231,2182,1226,73322,99153,20609
1298,2026-07-26,Reel,Excel Tricks,178,12,35,19,3932.0,116,1035,1536,83330,104608,20641
1299,2026-07-27,Reel,Excel Tricks,141,11,52,22,3232.0,74,912,368,40936,61397,20700
1098,2026-01-07,Carousel,Data Analysis,192,15,0,22,967.0,19,176,287,13510,16837,13515
1259,2026-06-17,Image,Python Interview Tips,113,5,0,20,1408.0,38,470,290,26634,30855,19183
1184,2026-04-03,Image,Excel Tricks,81,7,0,20,1147.0,53,202,189,18583,24704,16575
